Brand,Battery_capacity(mAh),Screen_size(inches),Processor,RAM(GB),Internal_storage(GB),Operating system,Number of SIMs,Price,Resolution_width(px),Resolution_height(px),Rear_Camera(MP),Front_Camera(MP)
oneplus,4085,7,8,12,256,android,2,58998,1440.0,3120.0,48,16
realme,4000,7,8,6,64,android,2,27999,1080.0,2400.0,64,16
apple,3969,7,6,4,64,ios,2,106900,1242.0,2688.0,12,12
apple,3110,6,6,4,64,ios,2,62900,828.0,1792.0,12,12
lg,4000,6,8,6,128,android,1,49990,1080.0,2340.0,12,32
oneplus,3800,7,8,8,128,android,2,34930,1080.0,2400.0,48,16
oneplus,4085,7,8,8,256,android,2,52990,1440.0,3120.0,48,16
samsung,4300,7,8,12,256,android,2,79699,1440.0,3040.0,12,10
asus,6000,7,8,8,128,android,1,37999,1080.0,2340.0,48,24
xiaomi,4000,6,8,6,128,android,2,23190,1080.0,2340.0,48,20
oppo,3765,7,8,6,64,android,2,23990,1080.0,2340.0,16,16
realme,3765,7,8,4,128,android,2,14999,1080.0,2340.0,48,16
xiaomi,4000,6,8,6,64,android,2,19282,1080.0,2340.0,48,20
oneplus,4000,7,8,6,128,android,2,39995,1440.0,3120.0,48,16
oppo,4065,7,8,6,128,android,2,36990,1080.0,2340.0,48,16
realme,4045,6,8,4,64,android,2,13999,1080.0,2340.0,16,25
huawei,4200,6,8,8,256,android,2,54280,1080.0,2340.0,40,32
xiaomi,4000,6,8,4,64,android,2,9799,1080.0,2340.0,48,13
huawei,4200,6,8,6,128,android,2,63990,1440.0,3120.0,40,24
lg,3300,6,8,6,128,android,2,29999,1440.0,3120.0,12,8
oneplus,3700,6,8,6,128,android,2,31999,1080.0,2340.0,16,16
apple,2942,6,6,3,64,ios,2,45499,828.0,1792.0,12,7
apple,2658,7,6,4,64,ios,2,69999,1242.0,2688.0,12,7
apple,2658,6,6,4,64,ios,2,59999,1125.0,2436.0,12,7
google,3430,6,8,4,64,android,1,47990,1440.0,2960.0,12,8
google,2915,6,8,4,64,android,1,37999,1080.0,2160.0,12,8
asus,4000,6,8,8,128,android,2,69999,1080.0,2160.0,12,8
samsung,4000,6,8,6,128,android,2,56999,1440.0,2960.0,12,8
lg,3000,6,8,6,128,android,2,37999,1440.0,3120.0,16,8
asus,5000,6,8,3,32,android,2,9990,1080.0,2160.0,13,8
huawei,4000,6,8,4,64,android,2,49990,1080.0,2240.0,40,24
oneplus,3300,6,8,6,64,android,2,34999,1080.0,2280.0,16,16
asus,3300,6,8,4,64,android,2,18999,1080.0,2246.0,12,8
xiaomi,4000,6,8,4,64,android,2,9349,1080.0,2160.0,12,20
nokia,3800,6,8,4,64,android,2,12000,1080.0,2160.0,12,16
samsung,3500,6,8,6,64,android,2,29999,1440.0,2960.0,12,8
samsung,3000,6,8,4,64,android,2,26999,1440.0,2960.0,12,8
htc,3930,6,8,6,128,android,2,52990,1440.0,2560.0,12,8
samsung,3300,6,8,6,64,android,2,49999,1440.0,2960.0,12,8
apple,1821,5,6,2,64,ios,1,36999,750.0,1334.0,12,7
apple,2691,6,6,3,64,ios,1,47000,1080.0,1920.0,12,7
apple,2716,6,6,3,64,ios,1,69999,1125.0,2436.0,12,7
motorola,2730,6,8,6,64,android,1,20999,1440.0,2560.0,12,5
htc,3000,6,8,6,128,android,2,53990,1440.0,2560.0,12,16
nokia,3090,5,8,4,64,android,2,14994,1440.0,2560.0,13,13
samsung,3500,6,8,4,64,android,1,30000,1440.0,2960.0,12,8
samsung,3000,6,8,4,64,android,1,26994,1440.0,2960.0,12,8
lg,3300,6,1,3,32,android,1,23990,1440.0,2880.0,13,5
oneplus,3400,6,4,6,64,android,2,19999,1080.0,1920.0,16,16
samsung,4000,6,8,6,64,android,2,16999,1080.0,1920.0,16,16
google,3450,6,4,4,32,android,1,30990,1440.0,2560.0,12,8
apple,2900,6,4,3,32,ios,1,34999,1080.0,1920.0,12,7
apple,1960,5,4,2,32,ios,1,27999,750.0,1334.0,12,7
honor,3000,5,8,4,32,android,2,20246,1080.0,1920.0,12,8
oneplus,3000,6,4,6,64,android,2,22999,1080.0,1920.0,16,8
asus,3000,6,4,6,256,android,2,44999,1080.0,1920.0,23,8
xiaomi,3000,5,4,3,32,android,2,24999,1080.0,1920.0,16,4
samsung,3600,6,8,4,32,android,2,39996,1440.0,2560.0,12,5
samsung,3000,5,8,4,32,android,2,23999,1440.0,2560.0,12,5
motorola,3760,5,8,3,32,android,1,6994,1440.0,2560.0,21,5
huawei,3450,6,8,3,32,android,1,42998,1440.0,2560.0,12,8
apple,2750,6,1,2,16,ios,1,25990,1080.0,1920.0,12,5
yu,2500,6,8,2,16,cyanogen,2,5995,1080.0,1920.0,13,5
samsung,3050,6,8,2,32,android,2,7299,1080.0,1920.0,16,5
samsung,2550,5,8,3,32,android,1,25999,1440.0,2560.0,16,5
yu,2500,6,8,2,16,cyanogen,2,3999,720.0,1280.0,13,5
xiaomi,3100,6,8,2,8,android,2,7999,720.0,1280.0,13,5
realme,5000,7,8,3,32,android,2,6999,720.0,1600.0,12,5
poco,4500,7,8,6,64,android,2,15999,1080.0,2400.0,64,20
samsung,4500,7,8,8,128,android,1,39999,1080.0,2400.0,48,32
realme,5000,7,8,4,64,android,2,8999,720.0,1600.0,12,8
samsung,4500,7,8,6,128,android,1,38999,1080.0,2400.0,12,32
vivo,4500,6,8,8,128,android,2,21150,1080.0,2400.0,48,32
vivo,5000,7,8,4,64,android,2,10990,1080.0,2340.0,16,16
realme,5000,7,8,4,64,android,2,9999,720.0,1600.0,48,13
realme,4000,6,8,4,64,android,2,16999,1080.0,2340.0,64,32
vivo,4100,6,8,8,128,android,2,26220,1080.0,2400.0,48,32
nubia,5000,7,8,8,128,android,2,47999,1080.0,2340.0,48,16
samsung,6000,6,8,4,64,android,2,12999,1080.0,2340.0,48,16
vivo,4500,6,8,4,128,android,2,15990,1080.0,2340.0,48,32
oppo,4000,7,8,8,256,android,1,23100,1080.0,2340.0,48,16
realme,4000,6,8,4,64,android,2,14999,1080.0,2340.0,64,16
xiaomi,4500,7,8,6,64,android,2,13999,1080.0,2340.0,64,20
nokia,3500,6,8,4,64,android,2,15377,1080.0,2340.0,48,20
samsung,4000,6,8,4,128,android,2,16650,1080.0,2340.0,48,32
realme,4035,6,8,4,64,android,2,11999,1080.0,2340.0,48,16
realme,5000,7,8,3,32,android,2,8600,720.0,1600.0,12,13
vivo,5000,7,8,4,64,android,2,12990,1080.0,2340.0,16,32
xiaomi,4030,6,8,4,64,android,2,11845,720.0,1560.0,48,32
asus,5000,6,8,6,64,android,2,27999,1080.0,2340.0,48,48
samsung,3500,6,8,6,128,android,2,16879,1080.0,2340.0,32,16
xiaomi,4000,6,8,3,32,android,2,8649,1080.0,2340.0,48,13
motorola,3500,6,8,4,128,android,2,13690,1080.0,2520.0,48,25
nubia,5000,7,8,8,128,android,2,35999,1080.0,2340.0,48,16
oppo,4020,7,8,4,128,android,2,11990,1080.0,2340.0,16,16
google,3700,6,8,4,64,android,1,34999,1080.0,2160.0,12,8
lg,3550,6,8,6,64,android,2,39990,1080.0,2248.0,12,8
vivo,3700,6,8,6,128,android,2,17973,1080.0,2340.0,48,32
xiaomi,4000,6,8,3,32,android,2,9699,1080.0,2340.0,12,13
samsung,5000,6,8,3,32,android,2,9999,1080.0,2340.0,13,8
samsung,5000,6,8,3,32,android,2,9499,1080.0,2340.0,13,16
asus,5000,6,8,3,32,android,2,11999,1080.0,2280.0,12,13
realme,3500,6,8,3,32,android,2,8999,1080.0,2340.0,13,25
honor,3400,6,8,3,32,android,2,7999,1080.0,2340.0,13,24
nokia,3500,6,8,4,64,android,2,18000,1080.0,2244.0,12,20
samsung,3800,6,8,6,128,android,2,22000,1080.0,2220.0,24,24
samsung,3300,6,8,4,64,android,2,16490,1080.0,2220.0,24,24
xiaomi,4000,6,8,4,64,android,2,9580,1080.0,2280.0,12,20
vivo,3400,6,8,6,64,android,2,14990,1080.0,2340.0,12,25
oppo,3700,6,8,8,128,android,2,21299,1080.0,2340.0,12,25
nokia,3060,6,8,3,32,android,2,6999,720.0,1520.0,13,8
honor,3750,7,8,4,64,android,2,9999,1080.0,2340.0,20,16
poco,4000,6,8,6,64,android,2,14990,1080.0,2246.0,12,20
nokia,3060,6,8,4,64,android,2,8999,1080.0,2280.0,16,16
vivo,4000,7,8,8,128,android,2,29999,1080.0,2316.0,12,8
oppo,3730,6,8,8,256,android,2,59090,1080.0,2340.0,16,25
honor,3750,6,8,4,64,android,2,18011,1080.0,2340.0,16,16
realme,3410,6,8,3,32,android,2,10299,1080.0,2160.0,13,8
xiaomi,3000,6,8,4,64,android,2,8990,1080.0,2160.0,12,20
honor,3400,6,8,6,128,android,2,16990,1080.0,2280.0,16,24
oppo,3400,6,8,4,64,android,2,18990,1080.0,2280.0,16,25
vivo,3200,6,8,6,64,android,2,18290,1080.0,2280.0,12,12
nokia,3260,6,8,6,128,android,1,13999,1440.0,2560.0,12,5
infinix,4000,6,8,3,32,android,2,9999,720.0,1440.0,13,20
nokia,3000,6,8,3,32,android,2,8849,1080.0,1920.0,16,8
honor,3750,6,8,6,128,android,2,15899,1080.0,2160.0,16,13
infinix,4350,6,8,6,128,android,2,15900,1080.0,1920.0,12,16
oppo,3200,6,8,4,32,android,2,10499,1080.0,2160.0,16,20
oneplus,3300,6,8,6,64,android,2,28499,1080.0,2160.0,16,16
honor,3340,6,8,4,64,android,2,8999,1080.0,2160.0,16,16
xiaomi,3400,6,8,6,64,android,2,29999,1080.0,2160.0,12,5
lenovo,4000,5,8,3,32,android,2,6990,1080.0,1920.0,13,8
xiaomi,3080,6,8,4,32,android,2,9999,1080.0,1920.0,12,5
lg,3300,6,8,4,128,android,2,27999,1440.0,2880.0,16,5
lenovo,4000,6,10,3,32,android,2,7299,1080.0,1920.0,13,13
motorola,3000,5,8,3,32,android,2,9999,1080.0,1920.0,16,5
google,3520,6,8,4,64,android,1,12994,1440.0,2880.0,12,8
google,2700,5,8,4,64,android,1,9994,1080.0,1920.0,12,8
motorola,3000,5,8,3,32,android,2,12500,1080.0,1920.0,12,16
motorola,3000,6,8,3,32,android,2,8500,1080.0,1920.0,13,8
xiaomi,3300,6,8,2,16,android,2,6499,720.0,1440.0,12,5
xiaomi,4000,6,8,3,32,android,2,8699,1080.0,2160.0,12,5
jio,2000,2,2,0,4,cyanogen,1,1249,240.0,320.0,2,0
samsung,3300,6,8,4,32,android,2,9890,1080.0,1920.0,13,13
motorola,3000,6,8,4,64,android,2,10499,1080.0,1920.0,12,5
yu,3000,5,8,4,32,android,2,5990,1080.0,1920.0,13,8
xiaomi,5300,6,8,4,32,android,2,8999,1080.0,1920.0,12,5
coolpad,4060,6,8,6,64,android,2,8999,1080.0,1920.0,13,8
oneplus,3300,6,8,6,64,android,2,17499,1080.0,1920.0,16,16
honor,4000,6,8,6,128,android,2,17586,1440.0,2560.0,12,8
micromax,3200,6,8,4,128,android,2,13999,1080.0,1920.0,13,13
oppo,4000,6,8,4,64,android,2,13990,1080.0,1920.0,16,16
sony,3230,6,8,4,64,android,2,33500,2160.0,3840.0,19,13
motorola,3000,5,8,3,16,android,2,10900,1080.0,1920.0,12,5
asus,5000,5,8,3,32,android,2,14999,720.0,1280.0,13,8
samsung,3300,6,1,4,64,android,2,16999,1080.0,1920.0,16,16
htc,2500,5,8,4,64,android,2,15500,1080.0,1920.0,16,16
htc,3000,6,4,4,64,android,2,54665,1440.0,2560.0,12,16
asus,3300,6,4,8,128,android,2,49999,1440.0,2560.0,23,8
xiaomi,3120,5,4,2,16,android,2,6999,720.0,1280.0,13,5
xiaomi,4100,5,8,2,16,android,2,8999,720.0,1280.0,13,5
nubia,3000,5,8,4,64,android,2,16999,1080.0,1920.0,23,13
lenovo,3500,5,4,3,32,android,2,11499,1080.0,1920.0,13,8
lg,3200,6,4,4,64,android,2,26999,1440.0,2560.0,16,5
lenovo,4000,5,8,3,32,android,2,8500,1080.0,1920.0,13,8
sony,2900,5,4,3,64,android,2,11999,1080.0,1920.0,23,13
samsung,3300,6,8,3,16,android,2,15995,1080.0,1920.0,13,8
motorola,3510,6,8,3,32,android,2,8990,1080.0,1920.0,16,5
xiaomi,4100,6,8,2,32,android,2,9990,1080.0,1920.0,13,5
xiaomi,4100,5,8,3,32,android,2,8000,720.0,1280.0,13,5
motorola,2600,6,4,4,64,android,2,11999,1440.0,2560.0,13,5
asus,3000,6,8,4,64,android,2,14999,1080.0,1920.0,16,8
smartron,3000,6,8,4,32,android,2,5490,1080.0,1920.0,13,4
motorola,3000,6,8,2,16,android,2,5999,1080.0,1920.0,16,5
coolpad,2800,6,8,4,64,android,2,8499,1080.0,1920.0,13,5
xiaomi,4850,6,6,3,32,android,2,11990,1080.0,1920.0,16,5
lenovo,4100,6,4,3,64,android,2,7499,1080.0,1920.0,13,8
leeco,3000,6,8,3,32,android,2,6999,1080.0,1920.0,16,8
leeco,3100,6,4,2,32,android,2,7790,1440.0,2560.0,21,8
huawei,3000,5,8,3,32,android,1,39999,1080.0,1920.0,12,8
apple,1624,4,1,2,16,ios,1,16999,640.0,1136.0,12,1
lg,2800,5,4,4,32,android,2,10999,1440.0,2560.0,16,8
oppo,2500,5,8,3,16,android,2,8999,720.0,1280.0,13,8
samsung,2900,5,8,2,16,android,2,19990,1080.0,1920.0,13,5
xiaomi,4050,6,6,2,16,android,2,6899,1080.0,1920.0,16,5
htc,2150,5,8,3,32,android,1,30149,1080.0,1920.0,13,4
blackberry,3410,5,6,3,32,android,1,19999,1440.0,2560.0,18,2
lg,2700,5,6,2,16,android,1,25990,1080.0,1920.0,12,5
apple,1715,5,2,2,16,ios,1,22999,750.0,1334.0,12,5
lenovo,4900,6,8,2,32,android,2,15999,1080.0,1920.0,13,5
lenovo,2420,5,8,3,32,android,2,10990,1080.0,1920.0,13,8
samsung,3000,6,8,4,32,android,1,17999,1440.0,2560.0,16,5
samsung,3000,6,8,4,32,android,1,14999,1440.0,2560.0,16,5
motorola,3630,6,8,2,16,android,2,7990,1080.0,1920.0,21,5
motorola,2470,5,4,1,8,android,2,10999,720.0,1280.0,13,5
honor,3100,5,8,3,16,android,1,15999,1080.0,1920.0,20,8
asus,3000,6,8,2,16,android,2,14999,1080.0,1920.0,13,13
lg,3000,6,6,3,32,android,1,13299,1440.0,2560.0,16,8
xiaomi,3120,5,8,2,16,android,2,12999,1080.0,1920.0,13,5
lenovo,2900,6,8,2,16,android,2,9999,1080.0,1920.0,13,5
motorola,3900,5,4,3,64,android,1,31999,1440.0,2560.0,21,2
gionee,2700,5,8,2,16,android,2,15999,1080.0,1920.0,13,8
lenovo,2900,5,8,3,32,android,2,9799,1080.0,1920.0,16,8
samsung,2600,5,8,3,32,android,1,25999,1440.0,2560.0,16,5
honor,3600,6,8,3,32,android,2,26499,1080.0,1920.0,8,8
htc,2600,6,8,2,16,android,2,25500,720.0,1280.0,13,8
htc,2600,5,4,2,16,android,1,28500,1080.0,1920.0,13,5
motorola,3220,6,4,3,32,android,1,13490,1440.0,2560.0,13,2
htc,2400,5,4,2,16,android,1,10990,1080.0,1920.0,13,13
blackberry,3450,5,4,3,32,blackberry,1,15999,1440.0,1440.0,13,2
apple,2915,6,1,1,16,ios,1,23999,1080.0,1920.0,8,1
apple,1810,5,2,1,16,ios,1,15999,750.0,1334.0,8,1
motorola,2300,5,4,2,16,android,1,23999,1080.0,1920.0,13,2
motorola,2070,5,4,1,16,android,2,13500,720.0,1280.0,8,2
sony,2600,5,4,2,16,android,1,38990,720.0,1280.0,20,2
samsung,3220,6,4,3,32,android,1,27900,1440.0,2560.0,16,3
samsung,3000,6,4,3,32,android,1,29950,1600.0,2560.0,16,3
xiaomi,3080,5,4,3,16,android,1,7987,1080.0,1920.0,13,8
lenovo,4000,6,4,3,32,android,2,29999,1440.0,2560.0,16,5
oneplus,3100,6,4,3,16,cyanogen,1,21999,1080.0,1920.0,13,5
samsung,2800,5,8,2,16,android,1,33999,1080.0,1920.0,16,2
sony,3200,5,4,3,16,android,1,35990,1080.0,1920.0,20,2
sony,2300,4,4,2,16,android,1,11999,720.0,1280.0,20,2
gionee,2500,6,4,2,16,android,1,3699,1080.0,1920.0,16,8
samsung,2600,5,4,1,8,android,2,15999,720.0,1280.0,8,1
motorola,2070,5,4,1,8,android,2,9999,720.0,1280.0,5,1
lg,2300,5,4,2,16,android,1,12000,1080.0,1920.0,8,1
nokia,3400,6,4,2,32,windows,1,34990,1080.0,1920.0,20,1
apple,1507,4,2,1,8,ios,1,8499,640.0,1136.0,8,1
xiaomi,3050,5,4,2,16,android,1,13999,1080.0,1920.0,13,2
samsung,3200,6,8,3,32,android,1,50650,1080.0,1920.0,13,2
sony,3000,5,1,2,16,android,1,56699,1080.0,1920.0,20,2
lg,3000,5,4,2,16,android,1,22499,1080.0,1920.0,13,2
motorola,2200,5,2,2,16,android,1,15000,720.0,1280.0,10,2
sony,2330,5,4,2,16,android,1,32490,1080.0,1920.0,13,2
samsung,2100,5,4,1,16,android,1,5999,720.0,1280.0,8,1
samsung,2600,5,8,2,16,android,1,57915,1080.0,1920.0,13,2
nokia,2000,5,2,1,32,windows,1,8999,768.0,1280.0,8,1
oppo,4000,6,8,8,128,android,2,18690,1080.0,2400.0,48,16
vivo,4500,6,8,8,128,android,2,18599,1080.0,2340.0,48,32
motorola,4000,6,8,4,64,android,2,12999,1080.0,2280.0,48,25
motorola,4000,6,8,4,64,android,2,8999,720.0,1520.0,13,8
vivo,5000,6,8,3,32,android,2,8990,720.0,1544.0,13,8
xiaomi,5000,6,8,2,32,android,2,6499,720.0,1520.0,12,8
oppo,5000,7,8,4,128,android,2,14730,720.0,1600.0,48,16
samsung,4000,6,8,3,32,android,2,8499,720.0,1520.0,13,8
infinix,5000,7,8,4,64,android,2,8000,720.0,1600.0,13,8
xiaomi,4000,6,8,3,32,android,2,9195,1080.0,2280.0,48,13
xiaomi,5000,6,8,4,64,android,2,7999,720.0,1520.0,12,8
realme,4230,6,8,3,32,android,2,6999,720.0,1520.0,13,13
infinix,4000,6,8,4,64,android,2,9990,720.0,1500.0,13,13
honor,4000,7,8,4,128,android,2,13999,1080.0,2340.0,48,16
motorola,3500,6,8,4,128,android,2,9999,1080.0,2520.0,12,12
lg,4000,6,8,3,32,android,2,8499,720.0,1520.0,13,16
infinix,4000,6,8,6,64,android,2,10999,720.0,1500.0,13,13
xiaomi,4000,5,8,2,16,android,2,5499,720.0,1440.0,12,5
infinix,4000,6,8,3,32,android,2,7999,720.0,1520.0,13,32
vivo,5000,6,8,4,128,android,2,11490,720.0,1544.0,13,20
infinix,3500,6,4,2,32,android,2,6999,720.0,1520.0,13,8
oppo,4000,6,8,2,32,android,2,6670,720.0,1560.0,8,5
oppo,4230,6,8,2,32,android,2,7935,1520.0,720.0,13,8
xiaomi,4000,6,8,3,32,android,2,7999,720.0,1520.0,12,32
realme,4000,6,8,2,16,android,2,5999,720.0,1560.0,13,5
honor,3400,6,8,4,128,android,2,10999,1080.0,2340.0,24,32
vivo,4500,6,8,4,128,android,2,14979,1080.0,2340.0,16,32
realme,4230,6,8,3,32,android,2,8490,720.0,1520.0,13,13
vivo,4000,7,8,6,64,android,2,14990,1080.0,2340.0,12,32
xiaomi,3000,5,4,1,8,android,2,4499,720.0,1280.0,8,5
meizu,3010,6,8,8,128,android,2,19990,1080.0,2160.0,12,20
asus,4000,6,8,3,32,android,2,7499,720.0,1520.0,13,8
infinix,4000,6,8,4,64,android,1,15999,1080.0,2160.0,16,16
infinix,4000,6,8,3,32,android,2,10999,720.0,1500.0,13,16
asus,3000,5,8,2,16,android,2,4999,720.0,1440.0,13,5
asus,4000,5,8,3,32,android,2,5999,720.0,1440.0,13,8
lenovo,3000,6,8,3,32,android,1,5899,720.0,1440.0,13,13
nokia,3500,6,8,3,32,android,2,6850,720.0,1440.0,13,8
honor,4000,6,8,4,32,android,2,7999,720.0,1520.0,13,8
panasonic,3000,6,8,6,128,android,2,29999,1080.0,2246.0,16,16
realme,4230,6,8,2,16,android,1,7990,720.0,1520.0,13,5
blackberry,3000,5,8,4,64,android,2,22990,1080.0,1620.0,13,8
realme,4230,6,8,3,32,android,2,8890,720.0,1520.0,13,8
infinix,4500,6,8,3,32,android,2,5850,1080.0,2160.0,12,16
oppo,3500,6,8,6,64,android,2,17990,1080.0,2340.0,16,25
oppo,3500,6,8,4,64,android,2,11994,1080.0,2340.0,16,16
honor,3000,6,8,3,32,android,2,7499,1080.0,2280.0,13,16
huawei,3340,6,8,4,128,android,2,21999,1080.0,2340.0,16,24
huawei,3750,6,8,6,128,android,2,15999,1080.0,2340.0,16,24
xiaomi,4000,6,8,3,32,android,2,8290,1080.0,2280.0,12,5
xiaomi,3000,5,4,2,16,android,2,5699,720.0,1440.0,13,5
xiaomi,3080,6,8,3,32,android,2,7999,720.0,1440.0,12,16
tecno,3750,6,8,4,64,android,2,7420,720.0,1440.0,16,20
xiaomi,3000,5,8,3,32,android,2,7180,720.0,1440.0,12,5
samsung,3500,6,8,4,64,android,2,15499,720.0,1440.0,16,16
samsung,3000,6,8,3,32,android,2,9490,720.0,1480.0,13,8
samsung,3500,6,8,4,64,android,1,15999,1080.0,2220.0,16,24
motorola,5000,6,8,3,32,android,2,9399,720.0,1440.0,12,5
nubia,3800,6,8,8,128,android,2,24860,1080.0,2160.0,24,8
infocus,4000,6,8,4,64,android,2,7990,720.0,1440.0,13,13
itel,3000,6,4,3,16,android,2,8480,720.0,1440.0,13,13
huawei,3000,6,8,4,64,android,2,12800,1080.0,2280.0,16,24
vivo,3260,6,8,4,64,android,2,13740,1080.0,2280.0,16,24
motorola,4000,6,8,3,32,android,2,8049,720.0,1440.0,13,8
honor,3000,6,8,3,32,android,2,7799,720.0,1440.0,13,8
motorola,3000,6,8,3,32,android,2,10499,1080.0,2160.0,12,16
smartron,5000,5,8,3,32,android,2,10500,720.0,1280.0,13,5
oppo,3180,6,8,2,16,android,2,6799,720.0,1440.0,13,8
honor,3000,6,8,3,32,android,2,8929,1080.0,2160.0,13,13
10.or,3500,5,4,2,16,android,2,4999,720.0,1280.0,13,5
infocus,4000,6,4,2,16,android,2,6850,720.0,1440.0,13,8
samsung,3500,6,8,6,64,android,1,16900,1080.0,2220.0,16,16
gionee,3030,6,8,4,32,android,2,6319,720.0,1440.0,13,16
vivo,3000,6,8,4,32,android,2,13990,720.0,1440.0,16,24
xiaomi,3080,6,8,2,16,android,2,8490,720.0,1280.0,13,16
xiaomi,3000,5,4,2,16,android,2,7199,720.0,1280.0,13,5
honor,3340,6,8,4,32,android,2,12722,1080.0,2160.0,16,8
honor,3020,5,8,3,32,android,2,8499,720.0,1280.0,13,5
gionee,5000,6,8,4,64,android,2,8890,720.0,1440.0,13,8
vivo,3225,6,8,4,64,android,2,10990,720.0,1440.0,16,24
asus,3000,6,8,4,64,android,2,25999,1080.0,1920.0,16,12
lg,3000,6,8,3,32,android,2,8948,1080.0,2160.0,13,5
oppo,3200,6,8,4,64,android,2,11990,1080.0,1920.0,13,16
smartron,3000,6,8,4,32,android,2,5999,1080.0,1920.0,13,5
vivo,3000,6,8,4,64,android,2,12990,720.0,1280.0,13,20
micromax,4000,5,4,2,16,android,2,5499,720.0,1280.0,8,5
lava,3020,6,8,4,32,android,2,12000,720.0,1280.0,13,8
nubia,3630,6,8,4,64,android,2,12990,1080.0,1920.0,13,16
cat,3800,5,8,2,16,android,2,39999,720.0,1280.0,13,5
coolpad,2500,5,4,3,16,android,2,4290,720.0,1280.0,13,8
gionee,4010,6,8,4,64,android,2,9999,1080.0,1920.0,13,16
sony,2700,6,8,4,64,android,2,5994,1080.0,1920.0,23,16
sony,2900,5,4,4,32,android,2,29990,1080.0,1920.0,19,13
gionee,4550,6,8,4,64,android,2,994,1080.0,1920.0,13,20
motorola,2800,5,8,2,16,android,2,5450,1080.0,1920.0,13,5
honor,3000,5,8,4,64,android,2,14933,1080.0,1920.0,12,8
vivo,3055,6,8,4,64,android,2,12500,1080.0,1920.0,16,20
nokia,3000,6,8,2,16,android,2,7250,1080.0,1920.0,16,8
samsung,3600,6,8,3,32,android,2,25900,1080.0,1920.0,16,16
samsung,3000,5,8,3,32,android,2,18999,1080.0,1920.0,16,16
coolpad,2500,6,8,3,32,android,2,8990,720.0,1080.0,13,5
oppo,2900,5,8,3,32,android,2,12000,720.0,1280.0,13,16
vivo,3000,6,8,4,32,android,2,16541,720.0,1280.0,13,20
asus,4100,6,8,2,32,android,2,8599,1080.0,1920.0,16,8
lyf,3200,6,8,3,32,android,2,6499,1080.0,1920.0,16,8
infocus,3000,6,10,3,32,android,2,10999,1080.0,1920.0,16,8
honor,3340,6,8,3,32,android,2,13999,1080.0,1920.0,12,8
intex,3200,5,1,3,16,android,2,5499,720.0,1280.0,13,5
lenovo,5100,6,8,3,32,android,2,16999,1080.0,1920.0,13,5
lenovo,4000,6,8,3,32,android,2,8890,1080.0,1920.0,16,8
gionee,3150,6,8,3,32,android,2,12000,1080.0,1920.0,13,8
coolpad,4000,6,8,3,32,android,2,12639,1080.0,1920.0,13,8
oppo,3075,6,8,3,32,android,2,15990,720.0,1280.0,13,16
blackberry,2610,5,8,3,16,android,1,11999,1080.0,1920.0,13,8
asus,3000,6,8,4,32,android,2,5499,1080.0,1920.0,13,8
lenovo,4050,6,8,3,32,android,1,9999,1080.0,1920.0,13,8
yu,4000,6,8,4,32,android,2,4999,1080.0,1920.0,13,5
coolpad,3000,6,8,3,16,android,2,6249,1080.0,1920.0,13,5
leeco,3000,6,8,3,32,android,2,7990,1080.0,1920.0,13,5
vivo,3000,6,8,4,32,android,2,17979,1080.0,1920.0,13,8
oppo,2850,6,8,4,64,android,2,17990,1080.0,1920.0,13,16
infocus,2500,5,4,3,16,android,2,9990,720.0,1280.0,8,8
lenovo,2750,5,8,2,16,android,2,5999,720.0,1280.0,13,5
lenovo,2750,5,8,2,16,android,2,7999,1080.0,1920.0,13,5
xolo,4000,5,4,2,8,android,2,4999,720.0,1280.0,8,5
lg,2300,5,4,2,16,android,1,7990,720.0,1280.0,13,8
coolpad,2500,5,4,3,16,android,2,4999,720.0,1280.0,13,5
lenovo,3300,6,8,3,16,android,2,8990,1080.0,1920.0,13,5
gionee,5020,6,8,3,64,android,2,23900,1080.0,1920.0,13,5
yu,3000,5,8,4,32,cyanogen,2,29999,1440.0,2560.0,21,8
infocus,2600,6,8,2,16,android,2,4990,1080.0,1920.0,13,13
gionee,4000,5,4,3,32,android,2,7499,720.0,1280.0,8,5
gionee,3150,6,8,3,32,android,2,15998,720.0,1280.0,13,5
motorola,2470,5,8,2,16,android,2,16999,720.0,1280.0,13,5
honor,3000,6,8,2,16,android,2,7400,1080.0,1920.0,13,5
coolpad,3000,6,8,3,16,android,2,9499,720.0,1280.0,13,5
htc,2600,6,8,2,16,android,2,6999,720.0,1280.0,13,4
yu,2000,5,4,1,8,android,2,4695,720.0,1280.0,8,2
sony,2900,5,8,3,32,android,2,45999,1080.0,1920.0,23,5
acer,4000,6,8,3,32,android,2,7190,720.0,1280.0,8,8
xiaomi,2200,5,4,2,16,android,2,6999,720.0,1280.0,8,2
asus,5000,6,4,2,16,android,2,4999,720.0,1280.0,13,5
asus,3000,6,4,4,64,android,2,16999,1080.0,1920.0,13,5
gionee,5000,5,4,2,16,android,2,4400,720.0,1280.0,8,5
asus,3000,6,4,2,16,android,2,12999,720.0,1280.0,13,5
motorola,3000,6,6,3,16,android,2,20999,1440.0,2560.0,21,5
infocus,2900,6,4,3,16,android,2,7916,1080.0,1920.0,13,8
xolo,3200,6,8,2,16,android,2,11936,1080.0,1920.0,13,5
phicomm,2300,5,8,2,16,android,2,3238,1080.0,1920.0,13,5
coolpad,2700,5,8,2,16,android,2,4999,1080.0,1920.0,13,8
yu,2230,5,4,2,16,cyanogen,2,8999,720.0,1280.0,8,5
honor,2550,5,8,2,8,android,2,8999,720.0,1280.0,13,5
lenovo,2300,5,4,2,16,android,2,6399,720.0,1280.0,8,2
lenovo,2900,6,8,2,8,android,2,6666,720.0,1280.0,8,5
motorola,2390,5,4,1,8,android,1,4999,540.0,960.0,5,0
htc,2000,5,8,1,8,android,2,9000,540.0,960.0,8,2
lenovo,2300,5,4,1,8,android,2,5000,720.0,1280.0,8,2
asus,3000,6,4,4,64,android,1,15999,1080.0,1920.0,13,5
xiaomi,2200,5,4,1,8,android,2,5399,720.0,1280.0,8,2
lava,4000,5,4,1,8,android,2,4299,720.0,1280.0,10,2
vivo,1900,5,4,0,4,android,2,6539,480.0,854.0,5,2
micromax,2300,5,8,2,16,android,2,13895,720.0,1280.0,13,13
honor,3000,6,4,2,8,android,2,9999,720.0,1280.0,13,5
xolo,2800,6,4,1,8,android,2,6998,720.0,1280.0,8,2
micromax,2000,5,8,1,16,android,2,5490,720.0,1280.0,13,5
micromax,1700,5,4,1,4,android,2,4795,480.0,854.0,5,2
karbonn,1700,5,4,1,4,android,2,2899,480.0,854.0,5,2
spice,1700,5,4,1,4,android,2,7490,480.0,854.0,5,2
micromax,2500,5,8,2,8,android,2,4999,720.0,1280.0,13,5
nokia,2200,5,4,1,16,windows,1,19999,720.0,1280.0,10,0
htc,2600,6,8,2,16,android,2,25999,720.0,1280.0,13,8
samsung,1860,5,8,2,32,android,1,9999,720.0,1280.0,12,2
xolo,1920,5,8,2,16,android,2,5499,720.0,1280.0,8,2
spice,2000,5,4,1,4,android,2,4999,720.0,1280.0,8,2
xiaomi,2000,5,4,1,8,android,2,5999,720.0,1280.0,8,1
honor,3000,5,8,3,16,android,1,14999,1080.0,1920.0,13,5
oppo,2140,5,4,2,16,android,1,9990,720.0,1280.0,13,0
xolo,2000,5,4,1,8,android,1,13667,720.0,1280.0,8,2
motorola,1980,4,2,1,4,android,2,4999,540.0,960.0,5,0
oppo,2410,5,4,1,16,android,2,11735,720.0,1280.0,8,5
xolo,2250,5,4,1,8,android,2,13606,720.0,1280.0,8,2
micromax,2350,5,8,2,32,android,2,5999,1080.0,1920.0,16,8
htc,2600,6,4,1,8,android,2,27390,720.0,1280.0,13,5
nokia,1500,4,2,0,4,cyanogen,2,7999,480.0,800.0,3,0
lenovo,3000,5,4,1,8,android,2,6700,540.0,960.0,8,0
gionee,2300,5,8,2,16,android,1,10999,1080.0,1920.0,13,5
lg,3200,6,4,3,16,android,1,42021,1080.0,1920.0,13,2
xolo,2000,5,4,1,8,android,2,13677,720.0,1280.0,8,2
samsung,3100,6,6,2,16,android,1,11250,720.0,1280.0,8,2
asus,3300,6,2,2,16,android,2,8891,720.0,1280.0,13,2
nokia,1010,3,1,0,0,cyanogen,2,3499,240.0,320.0,5,0
nokia,2000,5,2,2,32,windows,1,10990,768.0,1280.0,41,1
spice,2100,5,4,1,8,android,2,5999,1080.0,1920.0,8,2
gionee,2000,5,4,2,32,android,1,21450,1080.0,1920.0,13,5
micromax,2000,5,4,1,16,android,2,5199,720.0,1280.0,13,5
lava,2000,5,4,1,4,android,2,9499,720.0,1280.0,8,2
blackberry,2180,3,2,2,8,blackberry,1,10800,720.0,720.0,5,2
blackberry,2100,3,1,2,16,blackberry,1,9899,720.0,720.0,8,2
lenovo,4000,5,4,1,4,android,2,15410,720.0,1280.0,8,0
sony,1320,4,2,0,8,android,1,4990,480.0,854.0,5,0
sony,2370,5,2,1,8,android,1,21490,720.0,1280.0,8,0
samsung,1350,3,1,0,0,android,2,5555,240.0,320.0,3,0
samsung,2600,6,2,1,8,android,2,6999,540.0,960.0,8,1
nokia,1300,4,2,0,8,windows,1,4999,480.0,800.0,5,0
nokia,1650,4,2,1,8,windows,1,19660,480.0,800.0,8,0
lg,2100,5,4,2,32,android,1,9999,768.0,1280.0,13,1
htc,1650,4,2,1,16,android,1,17172,540.0,960.0,8,0
blackberry,1800,4,2,2,16,blackberry,1,5500,768.0,1280.0,8,2
infinix,4000,7,8,4,64,android,2,8999,720.0,1600.0,16,16
infinix,4000,7,8,4,64,android,2,8999,720.0,1600.0,16,32
motorola,3000,6,8,4,64,android,2,6999,720.0,1560.0,13,8
tecno,3500,6,4,2,32,android,2,6933,720.0,1520.0,13,16
nokia,3000,6,8,3,32,android,1,7999,720.0,1520.0,13,8
nokia,4000,6,4,2,16,android,1,6690,720.0,1520.0,13,5
samsung,3400,6,8,2,16,android,2,6999,720.0,1520.0,13,5
micromax,4000,6,8,3,32,android,2,6299,720.0,1500.0,13,16
coolpad,4000,6,8,4,64,android,1,7433,1080.0,2160.0,16,8
samsung,3300,6,4,4,64,android,1,11999,720.0,1480.0,13,8
samsung,3300,6,4,2,32,android,1,9499,720.0,1480.0,13,5
samsung,2600,5,4,1,8,android,2,6190,540.0,960.0,8,5
10.or,3200,5,4,2,16,android,2,4999,720.0,1440.0,13,5
coolpad,2500,5,4,2,16,android,1,3900,720.0,1440.0,8,5
infinix,3050,5,4,2,16,android,2,3999,720.0,1440.0,13,8
infinix,4000,6,4,3,32,android,2,8999,720.0,1440.0,13,5
ivoomi,4000,5,4,2,16,android,2,4999,720.0,1440.0,13,8
honor,3020,5,4,2,16,android,1,5999,720.0,1440.0,13,5
coolpad,4070,6,8,4,32,android,2,6999,1080.0,1920.0,13,8
panasonic,3250,6,4,3,16,android,2,5709,720.0,1440.0,13,8
nokia,2150,5,4,1,8,android,2,4672,480.0,854.0,5,2
tecno,3050,6,4,3,32,android,2,5930,720.0,1440.0,13,13
ivoomi,3000,5,4,2,16,android,2,4240,640.0,1280.0,13,8
samsung,3300,6,8,3,32,android,2,10990,1080.0,1920.0,13,13
intex,2800,5,4,3,32,android,2,4199,720.0,1280.0,13,5
kult,4000,6,4,3,32,android,2,6899,720.0,1280.0,13,8
infocus,4850,6,8,3,32,android,2,5350,720.0,1280.0,13,5
nuu mobile,3200,6,4,3,32,android,2,4229,720.0,1280.0,8,5
micromax,2900,6,4,3,32,android,2,4991,720.0,1440.0,13,16
lyf,2800,5,4,1,8,android,2,3499,480.0,854.0,5,2
panasonic,4000,5,8,3,32,android,2,9000,720.0,1280.0,13,8
karbonn,2300,5,4,1,8,android,2,3399,720.0,1280.0,5,5
ziox,3000,5,4,1,16,android,2,3499,720.0,1280.0,5,5
infocus,5000,5,4,2,16,android,2,7099,720.0,1280.0,13,5
karbonn,2900,6,4,2,16,android,2,6200,720.0,1280.0,13,5
zopo,2680,5,8,3,32,android,2,7399,1080.0,1920.0,13,13
intex,4020,5,4,3,32,android,2,3999,720.0,1280.0,13,5
micromax,3050,5,4,3,16,android,2,4399,720.0,1280.0,13,5
tecno,4000,6,8,4,32,android,2,8966,1080.0,1920.0,13,16
lava,2620,5,4,2,16,android,2,8920,720.0,1280.0,8,5
vivo,3000,6,8,3,32,android,2,10999,720.0,1280.0,13,16
zopo,3100,6,8,3,32,android,2,6990,1080.0,1920.0,13,8
vivo,2730,5,4,3,16,android,2,10990,1280.0,720.0,13,5
nokia,2630,5,4,2,16,android,2,6900,720.0,1280.0,8,8
intex,3000,5,4,2,16,android,2,8200,720.0,1280.0,13,5
zte,5000,6,8,4,32,android,2,12499,1080.0,1920.0,13,8
panasonic,2500,5,4,3,16,android,2,8440,720.0,1280.0,13,5
coolpad,3050,6,4,2,16,android,3,4590,720.0,1080.0,8,8
coolpad,2500,6,4,3,16,android,2,5990,720.0,1280.0,8,8
gionee,3130,6,8,4,32,android,2,7999,1080.0,1920.0,13,8
panasonic,1800,5,4,2,16,android,2,4899,720.0,1280.0,8,5
vivo,2550,5,8,3,32,android,2,14980,720.0,1280.0,13,8
micromax,2500,6,4,1,8,android,2,3968,720.0,1280.0,8,5
infocus,2300,5,4,2,8,android,2,3740,850.0,480.0,8,5
honor,4000,5,4,2,16,android,2,8556,720.0,1280.0,13,5
karbonn,2600,5,8,2,16,android,2,3999,720.0,1280.0,13,5
lyf,3500,6,8,3,32,android,2,12999,1080.0,1920.0,13,5
onida,2300,5,1,1,8,android,2,5385,720.0,1280.0,8,5
htc,3000,6,8,3,32,android,2,14770,1080.0,1920.0,13,5
intex,2300,5,4,3,16,android,2,6999,720.0,1280.0,13,5
lava,2500,5,4,2,16,android,2,13300,720.0,1280.0,13,8
gionee,2400,5,4,2,16,android,2,10200,720.0,1280.0,8,5
micromax,2500,5,8,2,16,android,2,4799,720.0,1280.0,13,5
vivo,2720,6,8,2,16,android,2,13000,720.0,1280.0,13,5
micromax,2000,5,4,1,8,android,2,6999,480.0,854.0,5,5
panasonic,3500,6,8,2,16,android,2,4500,720.0,1280.0,13,8
karbonn,2200,5,4,2,16,android,2,2999,720.0,1280.0,8,5
infocus,2230,5,4,1,8,android,2,7999,720.0,1280.0,8,2
micromax,2500,5,8,1,8,android,2,6199,720.0,1280.0,13,2
lava,2650,6,4,2,32,android,2,3999,720.0,1280.0,8,5
micromax,3000,6,4,1,8,android,2,9500,540.0,960.0,8,2
sony,2930,5,8,3,32,android,1,34915,1080.0,1920.0,20,5
lg,3000,6,4,1,16,android,2,5999,720.0,1280.0,13,5
intex,1400,4,4,1,8,android,2,3500,480.0,800.0,8,2
micromax,2000,5,4,1,8,android,2,3999,480.0,800.0,8,2
micromax,2000,5,4,1,8,android,2,5999,540.0,960.0,8,2
microsoft,2200,5,4,1,8,windows,2,7000,720.0,1280.0,8,5
htc,2840,5,8,2,16,android,1,11000,1440.0,2560.0,20,4
intex,1700,5,4,2,16,android,2,7500,720.0,1280.0,8,5
karbonn,1900,5,8,1,8,android,2,7800,720.0,1280.0,8,8
blackberry,2800,5,2,2,16,blackberry,1,7200,720.0,1280.0,8,2
asus,2100,5,2,1,8,android,2,5499,480.0,854.0,5,0
lava,2500,5,8,1,8,android,2,8500,720.0,1280.0,8,3
gionee,1950,5,4,1,8,android,2,4150,480.0,854.0,5,2
karbonn,1800,5,4,1,8,android,2,7000,720.0,1280.0,8,5
micromax,3000,5,4,1,8,android,2,5599,720.0,1280.0,8,2
blackberry,2515,4,2,2,16,blackberry,1,13899,720.0,720.0,8,2
intex,4000,5,8,1,8,android,2,4500,480.0,854.0,8,2
gionee,5000,5,4,1,8,android,2,3490,720.0,1280.0,8,2
honor,2000,5,4,1,16,android,2,5999,720.0,1280.0,8,2
gionee,2050,5,8,1,16,android,1,5499,720.0,1280.0,8,5
htc,2600,6,4,1,8,android,2,21990,720.0,1280.0,13,5
lenovo,2300,5,8,2,32,android,2,17499,1080.0,1920.0,13,5
zte,2400,5,4,1,4,android,2,3399,720.0,1280.0,13,5
xolo,2100,5,8,2,16,android,2,5888,720.0,1280.0,13,5
lg,3000,6,4,1,8,android,2,10490,540.0,960.0,13,1
iball,1900,5,8,1,8,android,2,3199,540.0,960.0,8,2
htc,2000,5,8,1,4,android,2,7999,720.0,1280.0,8,2
lg,2540,5,4,1,8,android,1,5999,720.0,1280.0,8,1
xolo,1800,5,4,1,8,windows,2,4495,720.0,1280.0,8,2
sony,2500,5,4,1,8,android,1,18490,720.0,1280.0,8,1
micromax,2000,5,4,1,4,android,2,8999,480.0,800.0,5,2
lava,1800,5,4,1,4,android,2,3632,480.0,854.0,8,2
blackberry,2500,5,2,1,8,blackberry,1,19000,540.0,960.0,5,1
lava,2000,5,4,1,4,android,2,5040,540.0,960.0,8,0
lg,2540,5,4,1,8,android,2,3299,540.0,960.0,8,0
karbonn,2000,5,8,2,16,android,2,12494,1080.0,1920.0,16,8
lenovo,4000,5,4,2,16,android,2,18748,720.0,1280.0,8,1
micromax,1800,5,4,1,4,android,2,6495,720.0,1280.0,8,5
intex,2300,6,8,2,16,android,2,16818,720.0,1280.0,13,5
xolo,4000,6,4,2,16,android,2,18138,1080.0,1920.0,13,5
gionee,1700,4,4,0,4,android,2,7494,480.0,800.0,5,0
nokia,1430,4,2,1,8,windows,1,7500,480.0,800.0,5,0
xolo,2600,6,4,1,8,android,2,14534,720.0,1280.0,13,2
micromax,2000,5,4,2,16,android,2,17490,1080.0,1920.0,13,5
nokia,3400,6,2,1,8,windows,1,9960,720.0,1280.0,5,0
lg,3140,6,2,1,8,android,2,5899,540.0,960.0,8,1
blackberry,2880,5,2,2,16,blackberry,1,8300,720.0,1280.0,8,2
htc,1800,4,4,1,4,android,2,19000,480.0,800.0,8,1
nokia,2000,5,2,0,8,windows,1,4999,480.0,800.0,5,0
xolo,2000,5,4,1,4,android,1,14153,720.0,1280.0,8,2
gionee,1800,5,4,1,16,android,2,6499,720.0,1280.0,8,2
samsung,2330,4,2,1,8,android,1,15990,560.0,960.0,16,1
htc,1860,5,4,1,8,android,2,22500,540.0,960.0,8,1
samsung,1200,3,1,0,3,android,1,3190,240.0,320.0,2,0
samsung,2100,5,2,1,8,android,2,8999,480.0,800.0,8,2
nokia,1200,3,1,0,0,cyanogen,2,4999,240.0,320.0,3,0
nokia,1300,4,1,0,8,windows,1,4990,480.0,800.0,5,0
nokia,1430,4,2,0,8,windows,1,3850,480.0,800.0,5,0
lg,1540,3,1,0,4,android,2,1999,240.0,320.0,3,0
blackberry,1450,2,1,0,1,blackberry,1,6999,240.0,320.0,2,0
coolpad,4000,6,8,4,64,android,1,6999,720.0,1520.0,13,16
ivoomi,3000,6,4,2,16,android,2,4499,720.0,1520.0,13,5
mobiistar,3000,6,8,3,32,android,2,5199,1080.0,1920.0,13,13
comio,2900,6,4,3,32,android,2,6300,1080.0,2160.0,13,8
intex,1400,4,4,1,8,android,2,2590,480.0,800.0,2,0
karbonn,1400,4,4,1,8,android,2,3250,480.0,800.0,2,0
videocon,2000,5,4,2,16,android,2,3999,720.0,1280.0,13,5
ivoomi,3000,5,4,2,16,android,2,3499,720.0,1280.0,8,5
ivoomi,3000,5,4,1,8,android,2,4999,720.0,1280.0,5,5
asus,2650,5,4,2,16,android,2,4599,720.0,1280.0,13,5
intex,2100,5,4,1,8,android,2,6000,720.0,1280.0,8,5
alcatel,2000,5,1,1,8,android,2,2999,480.0,854.0,8,5
reach,2600,6,4,1,8,android,2,2699,540.0,960.0,10,5
karbonn,2250,5,4,2,16,android,2,8649,720.0,1280.0,8,5
infocus,2000,5,4,1,8,android,2,3199,480.0,854.0,5,5
htc,2000,5,8,2,16,android,2,5499,720.0,1280.0,13,5
intex,3000,5,4,2,16,android,2,4444,720.0,1280.0,13,5
htc,2000,5,4,0,4,android,2,2699,480.0,854.0,5,0
xolo,2000,5,4,1,4,android,2,9499,480.0,854.0,5,0
blackberry,1450,3,1,0,1,blackberry,1,7500,360.0,480.0,5,0
zen,2900,6,4,2,16,android,2,3299,480.0,854.0,5,3
samsung,4500,7,8,8,128,android,2,73999,1440.0,3200.0,12,10
samsung,5000,7,8,12,128,android,2,92999,1440.0,3200.0,108,40
xiaomi,5000,6,8,2,32,android,2,6499,720.0,1520.0,13,8
lava,4120,6,4,1,16,android,2,4829,600.0,1280.0,8,5
samsung,3300,7,8,8,256,android,1,174990,1080.0,2636.0,12,10
samsung,4000,6,8,8,128,android,2,66999,1440.0,3200.0,12,10
lava,3200,6,8,2,32,android,2,6299,720.0,1520.0,13,5
nokia,4000,6,4,2,32,android,2,7149,720.0,1520.0,13,5
tecno,6000,6,8,4,64,android,2,8499,720.0,1548.0,13,13
vivo,5000,7,8,4,128,android,2,13990,1080.0,2340.0,16,16
lava,2500,5,4,1,16,android,2,3899,480.0,854.0,5,2
tecno,4000,7,8,4,64,android,2,9960,720.0,1600.0,16,8
micromax,3950,6,8,2,16,android,2,6694,720.0,1560.0,13,5
google,3700,6,8,6,64,android,2,83900,1440.0,3040.0,16,8
google,2800,6,8,6,64,android,2,69500,1080.0,2280.0,16,8
lenovo,4050,6,8,4,64,android,2,10999,720.0,1520.0,13,16
samsung,4500,7,8,6,128,android,1,25999,1080.0,2400.0,64,32
apple,3046,6,6,4,64,ios,2,96900,1125.0,2436.0,12,12
samsung,4000,7,8,3,32,android,2,10999,720.0,1560.0,13,8
oppo,4000,7,8,8,128,android,1,20900,1080.0,2340.0,48,16
samsung,4000,6,8,4,64,android,2,13980,720.0,1560.0,25,16
lava,3500,6,8,3,32,android,2,8099,720.0,1520.0,13,8
htc,3300,6,8,3,32,android,2,7999,720.0,1520.0,12,8
samsung,4000,6,8,2,32,android,2,8499,720.0,1520.0,13,8
huawei,4500,7,8,8,128,android,2,77299,1176.0,2400.0,40,32
samsung,3500,6,8,8,256,android,2,69999,1080.0,2280.0,12,10
tecno,3500,6,8,6,128,android,2,12999,1080.0,2340.0,16,32
lg,4050,6,8,4,64,android,2,12480,720.0,1520.0,13,16
vivo,5000,6,8,3,64,android,2,9550,720.0,1544.0,8,8
itel,2400,5,8,2,16,android,1,4450,720.0,1440.0,8,5
huawei,4000,7,8,4,128,android,2,14450,1080.0,2340.0,16,16
samsung,3700,7,8,8,128,android,2,35990,1080.0,2400.0,48,0
oppo,3765,6,8,8,128,android,2,26990,1080.0,2340.0,48,16
samsung,2600,5,8,1,16,android,2,5290,540.0,960.0,5,5
samsung,4000,6,8,3,32,android,1,9900,720.0,1560.0,13,8
vivo,4030,6,8,2,16,android,2,6799,720.0,1520.0,13,5
panasonic,4000,6,8,4,64,android,2,6488,1080.0,1920.0,13,8
lava,2250,4,4,1,8,android,2,3499,400.0,800.0,2,2
samsung,4380,7,8,12,512,android,2,164999,1536.0,2152.0,16,10
gionee,3000,5,4,2,16,android,1,4488,720.0,1440.0,13,5
tecno,3050,6,4,3,32,android,2,5899,720.0,1440.0,13,8
tecno,3050,6,4,2,32,android,2,5199,720.0,1440.0,13,8
coolpad,3000,6,8,3,32,android,2,4649,720.0,1520.0,8,5
vivo,4030,6,8,2,32,android,2,8349,720.0,1520.0,13,8
itel,2400,5,4,1,8,android,2,3751,480.0,960.0,5,2
oppo,3400,6,8,6,128,android,2,14299,1080.0,2280.0,20,20
10.or,5000,6,8,4,64,android,2,7999,1080.0,2246.0,16,12
xolo,3000,5,4,1,16,android,2,3999,720.0,1440.0,8,5
micromax,4000,6,8,2,32,android,2,5899,720.0,1500.0,13,8
tambo,2100,5,4,1,16,android,2,3790,480.0,960.0,5,5
tambo,2500,5,8,1,8,android,2,3400,480.0,854.0,5,5
meizu,3300,6,8,3,32,android,2,8999,720.0,1440.0,13,8
meizu,3000,5,4,2,16,android,2,3539,720.0,1440.0,13,8
motorola,5000,6,8,3,32,android,2,10870,720.0,1520.0,12,8
motorola,3000,6,8,4,64,android,2,8961,1080.0,2270.0,12,8
itel,4000,5,4,1,8,android,2,3990,480.0,960.0,5,2
vivo,4030,6,8,4,64,android,1,10499,720.0,1520.0,13,20
lava,3000,6,4,2,16,android,2,6999,720.0,1440.0,13,13
vivo,4030,6,8,3,64,android,1,9950,720.0,1580.0,13,8
micromax,5000,5,4,1,16,android,2,4699,720.0,1440.0,5,5
micromax,2000,5,4,1,8,android,2,3099,480.0,854.0,5,2
panasonic,4000,6,8,4,64,android,2,8490,720.0,1500.0,13,8
panasonic,4000,6,8,3,32,android,2,6990,720.0,1500.0,13,8
panasonic,3000,6,4,3,32,android,2,8999,720.0,1440.0,13,5
razer,4000,6,8,8,64,android,1,54990,1440.0,2560.0,12,8
ivoomi,2800,6,4,2,16,android,2,4490,720.0,1498.0,13,5
panasonic,3000,6,8,4,64,android,2,8899,1080.0,2246.0,16,16
intex,2400,5,4,2,16,android,2,6999,720.0,1280.0,8,8
ivoomi,2000,5,4,1,8,android,2,2999,480.0,960.0,5,5
vivo,3315,6,8,6,64,android,2,14229,1080.0,2340.0,16,25
motorola,3000,6,8,4,64,android,1,9490,720.0,1440.0,13,8
htc,3600,6,8,4,64,android,2,12990,1080.0,2160.0,16,13
yu,4000,5,4,2,16,android,2,3999,720.0,1440.0,13,5
homtom,3300,6,8,3,32,android,2,4840,720.0,1440.0,16,8
homtom,3500,6,8,3,32,android,2,4900,720.0,1440.0,13,8
homtom,3000,6,8,2,16,android,2,3749,640.0,1280.0,13,8
lava,2500,5,4,1,16,android,1,4890,720.0,1080.0,5,5
itel,2400,5,4,2,16,android,2,4350,480.0,960.0,5,2
itel,2700,5,4,1,8,android,2,4999,720.0,1440.0,5,5
samsung,3700,6,8,6,64,android,2,20800,1880.0,2220.0,16,24
vivo,3260,6,8,4,64,android,1,13950,720.0,1520.0,13,8
tecno,3050,6,4,2,16,android,2,5899,720.0,1440.0,13,13
tecno,3050,6,4,2,16,android,2,4599,720.0,1440.0,13,8
oppo,3500,6,8,8,128,android,1,17990,1080.0,2280.0,16,25
meizu,3010,6,8,6,64,android,2,19490,1080.0,2160.0,12,20
blackberry,4000,6,8,4,64,android,1,13999,1080.0,2160.0,13,16
samsung,3500,6,8,4,64,android,2,19990,720.0,1480.0,16,16
tecno,4000,6,4,3,32,android,2,8990,720.0,1440.0,13,13
vivo,3285,6,4,2,16,android,1,7500,720.0,1440.0,8,5
alcatel,4000,6,8,3,32,android,1,12999,720.0,1500.0,12,8
intex,3000,5,4,1,8,android,2,3499,480.0,960.0,5,5
intex,2000,5,4,1,8,android,2,3450,480.0,960.0,5,2
oppo,4230,6,8,2,16,android,1,7450,720.0,1520.0,13,8
oppo,4230,6,8,4,32,android,2,8990,720.0,1520.0,13,8
vivo,3225,6,8,4,32,android,1,7994,720.0,1440.0,16,24
samsung,3000,6,8,4,64,android,2,17600,720.0,1480.0,13,8
alcatel,2000,5,4,1,8,android,1,3499,480.0,960.0,5,2
vivo,3260,6,8,3,32,android,2,9790,720.0,1520.0,13,5
panasonic,2400,5,4,1,16,android,2,3899,720.0,1280.0,5,5
lephone,3000,6,4,2,16,android,1,7900,720.0,1440.0,13,5
comio,2500,5,4,1,16,android,2,6499,720.0,1440.0,8,5
ivoomi,2800,5,4,1,8,android,2,2999,480.0,854.0,5,5
lg,3300,6,8,4,64,android,1,16999,1080.0,2160.0,16,5
lg,3300,6,8,3,32,android,1,14999,1080.0,2160.0,16,5
lenovo,4000,5,4,2,16,android,2,5300,720.0,1440.0,13,8
nokia,2990,5,8,2,16,android,1,5994,720.0,1440.0,13,8
aqua,2800,5,4,1,16,android,1,4599,720.0,1280.0,13,5
vivo,3260,6,8,4,32,android,2,10399,720.0,1520.0,13,8
blackberry,3500,5,8,4,64,android,2,19994,1080.0,1620.0,12,8
mobiistar,3000,5,4,2,16,android,2,4294,720.0,1280.0,8,13
micromax,2000,5,4,1,8,android,2,3789,480.0,854.0,5,5
ivoomi,4000,5,4,3,32,android,2,4299,720.0,1440.0,13,8
lg,3000,6,8,4,64,android,1,11849,1080.0,2160.0,16,5
lg,3000,6,8,3,32,android,1,8875,1080.0,2160.0,13,8
htc,3500,6,8,6,64,android,2,74990,1440.0,2880.0,12,8
nokia,3060,6,8,4,32,android,2,6999,1080.0,2280.0,16,16
kult,4000,6,4,3,32,android,2,4378,720.0,1440.0,13,13
samsung,3000,6,4,2,16,android,2,6924,720.0,1280.0,13,5
karbonn,2900,5,4,2,16,android,2,6999,720.0,1280.0,8,8
intex,2800,5,4,3,32,android,2,4999,720.0,1280.0,13,5
panasonic,2300,5,4,1,16,android,2,3675,720.0,1280.0,8,5
lg,3000,6,8,4,64,android,2,35999,1440.0,3120.0,16,8
samsung,3000,6,8,4,32,android,1,12999,720.0,1480.0,16,16
samsung,2600,5,4,2,16,android,2,6799,540.0,960.0,8,5
vivo,2500,5,4,2,16,android,2,7706,540.0,960.0,8,5
vivo,3260,6,8,4,32,android,2,8990,1080.0,2280.0,16,16
motorola,4000,6,4,2,16,android,2,7950,720.0,1440.0,13,5
vivo,3360,6,4,3,16,android,2,8500,720.0,1440.0,13,5
coolpad,2500,5,4,2,16,android,1,4590,720.0,1280.0,8,5
samsung,3000,6,8,4,32,android,2,10640,720.0,1280.0,13,8
honor,3000,6,8,2,32,android,2,6999,720.0,1440.0,13,8
lava,3000,6,4,2,16,android,2,7999,720.0,1440.0,13,8
oppo,3180,6,8,2,16,android,2,9490,720.0,1440.0,13,8
lg,2500,5,4,2,16,android,2,6299,720.0,1280.0,8,5
samsung,3300,6,8,3,32,android,2,10500,1080.0,1920.0,13,13
intex,2500,5,4,2,16,android,2,3999,720.0,1280.0,8,5
itel,2400,5,4,2,16,android,2,3890,720.0,1440.0,8,8
itel,2400,5,4,1,8,android,2,6600,480.0,960.0,5,5
motorola,3200,6,8,4,64,android,2,12900,1080.0,2160.0,12,8
lava,2000,5,4,1,8,android,2,4540,480.0,854.0,5,5
sony,3180,6,8,4,64,android,2,57900,1080.0,2160.0,19,5
nokia,1500,2,2,0,4,cyanogen,2,2999,240.0,320.0,2,0
alcatel,3000,6,4,3,32,android,2,10999,1080.0,2160.0,16,8
alcatel,3000,6,4,3,32,android,2,9999,720.0,1440.0,13,5
cat,4500,5,8,4,64,android,1,67900,1080.0,1920.0,16,8
karbonn,4000,6,4,2,16,android,2,8226,720.0,1280.0,13,8
celkon,2700,5,4,3,32,android,2,7249,720.0,1280.0,16,8
comio,3900,5,4,1,16,android,2,5999,720.0,1280.0,8,5
comio,3050,5,4,2,32,android,2,5399,720.0,1280.0,13,8
ziox,2500,5,4,1,16,android,1,3599,720.0,1280.0,8,8
intex,2200,5,4,1,8,android,1,3799,720.0,1280.0,5,2
panasonic,2200,5,4,1,16,android,2,4499,720.0,1280.0,8,5
infocus,2400,5,4,1,8,android,1,3899,720.0,1280.0,5,5
oppo,3000,5,8,3,16,android,2,7999,720.0,1280.0,13,5
vivo,2500,5,4,2,16,android,2,8490,540.0,960.0,8,5
ziox,2350,5,4,1,16,android,2,3799,480.0,854.0,5,2
htc,3930,6,8,4,64,android,2,19999,1080.0,2160.0,12,5
karbonn,3000,6,4,3,32,android,2,4799,1080.0,1920.0,13,13
ivoomi,3000,5,4,3,32,android,2,4999,640.0,1280.0,13,8
sony,3300,6,4,3,32,android,2,73300,720.0,1280.0,13,8
sony,3580,6,8,4,32,android,2,74164,1080.0,1920.0,23,16
micromax,5000,5,4,2,16,android,1,4470,720.0,1280.0,8,5
gionee,3100,5,4,4,32,android,2,6290,720.0,1280.0,13,16
ziox,2600,5,4,1,8,android,2,3199,720.0,1280.0,8,5
celkon,1800,4,4,0,4,android,2,2999,480.0,800.0,3,2
karbonn,2200,5,4,1,16,android,2,4190,480.0,854.0,8,5
itel,1700,4,4,1,8,android,2,3749,480.0,800.0,2,0
jivi,2300,4,4,1,8,android,2,2550,480.0,800.0,5,2
panasonic,2500,5,4,3,32,android,2,5490,720.0,1280.0,13,5
intex,4000,5,4,3,32,android,2,6729,720.0,1280.0,13,8
micromax,1600,4,4,1,8,android,2,2340,480.0,800.0,5,2
micromax,3000,6,8,4,64,android,2,6999,720.0,1440.0,20,16
kult,2600,5,4,3,32,android,2,3999,720.0,1280.0,13,5
micromax,5000,5,4,1,16,android,2,4790,720.0,1280.0,5,5
intex,2400,5,4,2,16,android,2,5295,720.0,1280.0,8,8
gionee,2670,5,8,2,16,android,2,3999,720.0,1440.0,8,5
panasonic,2500,5,4,1,16,android,2,7990,720.0,1280.0,8,5
infinix,4350,6,8,6,64,android,2,12999,1080.0,1920.0,12,16
intex,2500,5,4,2,16,android,2,4970,720.0,1280.0,8,5
intex,2700,5,4,1,8,android,2,4495,480.0,854.0,8,5
karbonn,2300,5,4,1,8,android,2,2999,480.0,854.0,2,2
karbonn,2300,5,4,1,8,android,2,3800,480.0,854.0,5,2
karbonn,1500,4,4,1,8,android,2,2450,480.0,800.0,3,2
billion,3500,6,8,3,32,android,2,4890,1080.0,1920.0,13,8
zen,2300,5,4,1,8,android,2,3999,480.0,854.0,5,2
panasonic,2500,5,4,2,16,android,2,8990,720.0,1280.0,13,5
itel,2700,5,4,1,16,android,2,4900,480.0,854.0,8,5
panasonic,5000,5,4,3,32,android,2,5935,720.0,1280.0,13,5
xiaomi,3080,6,4,2,16,android,2,5999,720.0,1280.0,13,5
huawei,4000,6,4,3,32,android,2,14990,720.0,1290.0,12,8
karbonn,2300,5,4,1,8,android,2,3282,480.0,854.0,5,8
celkon,1500,4,4,1,8,android,2,3199,480.0,800.0,3,2
sony,2620,5,8,3,32,android,2,9500,720.0,1280.0,13,8
sony,2620,5,8,2,16,android,2,9990,720.0,1280.0,13,8
karbonn,4000,5,4,2,16,android,1,7490,720.0,1280.0,13,8
micromax,1300,4,4,0,4,android,2,2299,480.0,800.0,2,0
nokia,4100,5,4,1,8,android,2,6999,720.0,1280.0,8,5
lephone,2000,5,4,2,16,android,2,3970,720.0,1280.0,8,5
xolo,2500,5,4,1,8,android,1,5999,720.0,1280.0,5,8
xolo,3000,5,4,2,16,android,2,7499,720.0,1280.0,8,13
xolo,3000,5,4,3,16,android,2,8499,720.0,1280.0,13,13
samsung,2000,5,4,1,8,android,2,6000,540.0,960.0,5,2
swipe,2500,5,4,3,32,android,2,4399,720.0,1280.0,13,8
blackberry,4000,6,8,4,32,android,1,29999,1080.0,1920.0,12,8
lava,2750,5,4,3,32,android,2,9999,720.0,1280.0,8,8
lava,2500,5,4,3,16,android,2,4725,720.0,1280.0,8,5
lava,2500,5,4,2,16,android,2,5279,720.0,1280.0,8,5
comio,4000,5,4,2,16,android,2,4199,720.0,1280.0,8,8
lg,2500,5,4,2,16,android,2,4321,480.0,854.0,8,5
ziox,2200,5,4,2,16,android,2,3799,480.0,854.0,5,2
panasonic,3000,5,4,2,16,android,2,5699,720.0,1280.0,8,5
10.or,4000,6,8,3,32,android,2,6999,1080.0,1920.0,13,16
karbonn,2300,5,4,1,8,android,2,3490,480.0,854.0,8,5
intex,2400,5,4,1,8,android,1,3890,240.0,854.0,5,5
itel,2700,5,4,3,16,android,2,5410,720.0,1280.0,8,8
intex,2300,5,4,1,8,android,2,3299,480.0,854.0,5,5
intex,1750,4,4,1,8,android,2,2950,480.0,800.0,5,2
gionee,4000,5,4,3,16,android,2,5699,720.0,1280.0,13,16
micromax,2500,5,4,1,8,android,2,3480,720.0,1280.0,5,5
micromax,2000,5,1,1,8,android,2,3290,480.0,854.0,5,5
panasonic,5000,6,8,3,32,android,2,6999,1080.0,1920.0,13,13
panasonic,4000,5,4,3,32,android,2,5891,720.0,1280.0,13,5
yu,3930,6,8,4,64,android,2,13999,1080.0,1920.0,16,8
intex,2800,6,4,2,16,android,2,4799,720.0,1280.0,8,5
infocus,3000,5,8,4,64,android,1,6195,720.0,1280.0,13,8
10.or,4000,6,8,2,16,android,2,4999,1080.0,1920.0,13,5
lenovo,4000,5,8,3,32,android,2,7040,720.0,1280.0,13,8
panasonic,2210,5,4,1,16,android,2,6604,480.0,854.0,8,5
oppo,3000,5,8,2,16,android,2,8490,720.0,1280.0,13,5
ivoomi,3000,5,4,3,32,android,2,4950,720.0,1280.0,13,8
ivoomi,3000,5,4,2,16,android,2,3790,720.0,1280.0,8,8
alcatel,4000,6,8,3,32,android,1,8999,1080.0,1920.0,16,8
cat,4000,5,4,2,16,android,2,27990,720.0,1280.0,8,2
cat,5000,5,8,3,32,android,2,44990,1080.0,1920.0,13,8
sony,3430,6,8,3,32,android,2,15990,1080.0,1920.0,23,8
intex,2800,6,4,2,16,android,2,4390,720.0,1280.0,8,5
jivi,3000,6,4,2,16,android,1,6449,720.0,1280.0,13,5
jivi,2400,5,4,1,16,android,1,5199,480.0,854.0,8,5
jivi,2500,5,4,1,8,android,1,3599,480.0,854.0,8,5
jivi,2300,4,4,1,8,android,1,2499,480.0,800.0,5,2
jivi,1800,4,4,0,4,android,1,2599,480.0,800.0,5,2
intex,2500,5,4,1,16,android,1,4999,480.0,854.0,5,5
vivo,3000,6,8,3,32,android,2,9500,720.0,1280.0,13,16
ivoomi,2000,5,4,2,16,android,2,2900,480.0,854.0,8,5
swipe,2500,4,4,0,4,android,2,2499,480.0,854.0,5,2
meizu,4000,6,8,3,16,android,2,14000,1080.0,1920.0,12,16
nuu mobile,2000,5,4,2,16,android,2,7499,720.0,1280.0,8,5
nuu mobile,2000,5,4,2,32,android,2,3999,720.0,1280.0,8,5
alcatel,2200,5,4,2,16,android,2,6499,720.0,1280.0,13,8
m-tech,2400,5,4,1,8,android,2,3950,480.0,854.0,5,2
gionee,3000,5,4,2,16,android,2,4978,720.0,1280.0,8,8
comio,2700,5,4,1,32,android,2,4995,720.0,1280.0,8,5
comio,2700,5,4,2,32,android,2,5499,720.0,1280.0,13,8
comio,5000,5,4,3,32,android,2,8666,720.0,1280.0,13,8
micromax,3000,6,8,3,32,android,1,4499,1080.0,1920.0,13,5
asus,3300,6,1,4,64,android,2,6499,1080.0,1920.0,12,8
swipe,2500,5,4,1,8,android,2,3499,480.0,854.0,8,5
panasonic,2200,5,4,1,16,android,2,4990,720.0,1280.0,8,5
asus,3000,6,8,4,64,android,2,6998,720.0,1280.0,16,20
itel,5000,5,4,1,8,android,1,3880,480.0,854.0,5,2
panasonic,4000,5,8,3,16,android,2,5935,720.0,1280.0,13,8
gionee,4000,5,8,3,32,android,2,4999,720.0,1280.0,13,20
karbonn,2300,4,4,1,8,android,2,2754,480.0,800.0,2,0
swipe,3000,5,4,2,16,android,2,3599,720.0,1280.0,8,5
kult,3000,5,4,3,32,android,2,3999,720.0,1280.0,13,13
coolpad,2500,5,4,2,16,android,1,4610,720.0,1280.0,8,5
karbonn,3300,6,4,2,16,android,2,5899,720.0,1280.0,8,5
infinix,4000,6,4,3,16,android,2,7499,720.0,1280.0,13,5
infinix,4300,6,4,3,32,android,2,8999,1080.0,1920.0,13,8
micromax,3000,5,4,3,32,android,2,4895,720.0,1280.0,13,8
meizu,3000,5,8,4,64,android,2,28000,1080.0,1920.0,12,16
yu,2500,5,4,2,16,android,2,4499,720.0,1280.0,13,5
lyf,2000,5,4,1,8,android,2,3590,480.0,854.0,5,2
samsung,3000,6,8,2,16,android,2,10990,720.0,1280.0,13,5
intex,4000,5,4,2,16,android,1,5440,720.0,1280.0,8,8
ivoomi,3000,5,4,2,16,android,2,3290,720.0,1280.0,8,5
ivoomi,2000,5,4,1,8,android,2,3450,480.0,854.0,5,5
intex,2000,5,4,1,8,android,2,4099,480.0,854.0,5,2
micromax,2500,5,4,2,16,android,2,3690,720.0,1280.0,8,5
intex,3000,6,1,2,16,android,1,4879,720.0,1280.0,8,5
asus,3000,6,4,4,32,android,1,6449,1080.0,1920.0,16,12
xolo,2500,5,4,2,16,android,2,6888,720.0,1280.0,8,5
lg,3000,6,8,4,64,android,1,9999,1080.0,2160.0,13,5
intex,2450,5,4,2,16,android,2,3980,720.0,1280.0,8,5
nubia,3000,6,8,3,32,android,2,8999,720.0,1280.0,13,5
samsung,3300,6,8,4,32,android,2,11046,1080.0,1920.0,13,13
samsung,3600,6,8,3,64,android,2,16900,1080.0,1920.0,13,13
lyf,2800,6,8,3,16,android,2,4990,1080.0,1920.0,13,5
panasonic,4000,6,4,3,16,android,2,5831,720.0,1280.0,13,5
ziox,2500,5,4,1,8,android,1,3499,480.0,854.0,5,5
lava,2000,5,4,1,8,android,2,4900,480.0,800.0,5,5
karbonn,4000,5,4,1,8,android,2,3399,720.0,1280.0,5,5
itel,2000,5,4,1,8,android,2,3860,480.0,854.0,5,2
itel,2400,5,4,2,16,android,2,6506,480.0,854.0,5,5
motorola,4000,5,4,2,16,android,2,6190,720.0,1280.0,8,2
samsung,1050,5,4,1,8,tizen,2,4790,480.0,800.0,5,5
panasonic,4000,5,4,2,16,android,2,6499,720.0,1280.0,8,2
panasonic,4000,5,4,3,16,android,2,7999,720.0,1280.0,13,5
karbonn,2150,5,4,1,8,android,2,6326,720.0,1280.0,8,5
intex,2100,5,4,2,16,android,2,7490,720.0,1280.0,13,5
asus,3000,6,4,2,16,android,2,6110,720.0,1280.0,13,5
ziox,4000,5,4,1,8,android,2,4399,720.0,1280.0,5,5
zen,2000,5,4,1,8,android,2,2999,480.0,854.0,5,2
intex,1750,4,4,1,8,android,2,4625,480.0,800.0,5,2
zopo,2100,5,4,1,16,android,2,3389,480.0,854.0,5,2
videocon,2450,5,4,2,16,android,2,2999,480.0,854.0,8,5
zen,2500,5,4,1,16,android,2,5599,720.0,1280.0,5,5
motorola,5000,6,4,3,32,android,2,9999,720.0,1280.0,13,5
ziox,3000,5,4,1,16,android,2,3499,480.0,854.0,5,5
zopo,1450,4,4,1,16,android,2,4888,480.0,800.0,0,0
honor,2100,5,4,1,8,android,2,5499,480.0,854.0,5,2
tecno,4000,6,4,3,32,android,2,6789,720.0,1280.0,13,8
tecno,3050,5,4,3,16,android,2,9993,720.0,1280.0,8,8
tecno,4000,6,4,2,16,android,2,6629,720.0,1280.0,13,8
tecno,3050,5,4,2,16,android,2,7142,720.0,1280.0,8,8
videocon,3000,5,4,1,8,android,2,5599,480.0,854.0,5,2
motorola,2350,5,4,1,8,android,2,5499,480.0,854.0,5,2
motorola,2800,5,4,2,16,android,2,8499,720.0,1280.0,8,5
micromax,4000,6,8,3,32,android,1,4960,1080.0,1920.0,13,5
zopo,2500,6,4,3,16,android,2,3980,720.0,1280.0,8,5
lephone,2000,5,4,1,8,android,2,4105,480.0,854.0,5,2
ziox,2450,5,4,1,8,android,2,3699,480.0,854.0,5,2
intex,2200,5,4,2,16,android,2,6100,720.0,1280.0,8,8
sansui,2000,5,4,1,8,android,2,3900,480.0,854.0,5,3
micromax,1300,4,4,0,4,android,2,2359,480.0,800.0,2,0
swipe,2000,4,4,0,4,android,2,1999,480.0,800.0,5,1
itel,2400,5,4,1,8,android,2,4880,480.0,854.0,5,2
panasonic,4000,6,4,3,32,android,2,5930,720.0,1280.0,13,5
panasonic,3000,5,8,4,32,android,2,11499,1080.0,1920.0,16,8
intex,1450,4,4,0,4,android,2,3935,480.0,800.0,5,1
micromax,1800,5,4,1,8,android,2,4999,480.0,854.0,5,2
zen,2000,5,4,1,8,android,2,4790,720.0,1280.0,5,2
nubia,5000,6,8,4,64,android,2,9049,1080.0,1920.0,13,16
nubia,3000,6,8,3,64,android,2,7160,720.0,1280.0,13,16
karbonn,2000,5,4,1,8,android,1,5668,480.0,854.0,5,2
intex,2600,5,4,1,8,android,2,3999,480.0,854.0,5,2
lenovo,2000,5,4,1,8,android,2,6450,480.0,854.0,5,2
leeco,4070,6,4,4,32,android,2,10990,1080.0,1920.0,16,8
ivoomi,3000,5,4,1,8,android,2,3900,1440.0,2560.0,5,5
swipe,2500,5,4,3,32,android,2,4400,720.0,1280.0,13,8
intex,2000,5,4,1,8,android,2,3690,480.0,854.0,5,2
nubia,3000,6,4,2,16,android,2,5999,720.0,1280.0,8,5
zte,2800,5,8,2,16,android,2,5200,720.0,1280.0,13,5
alcatel,2800,5,8,3,16,android,2,15026,720.0,1280.0,13,5
sony,2300,5,8,3,32,android,2,7994,720.0,1280.0,23,8
swipe,2500,5,4,2,16,android,2,5999,720.0,1280.0,8,5
nokia,3000,5,8,2,16,android,2,8999,720.0,1280.0,13,8
swipe,1800,4,4,1,16,android,2,2690,480.0,854.0,5,1
asus,2600,5,4,2,16,android,2,4999,720.0,1280.0,13,5
intex,2000,5,4,1,8,android,2,4400,480.0,854.0,5,2
intex,1500,4,4,0,4,android,2,4095,360.0,640.0,2,0
intex,2000,5,4,1,8,android,2,4050,720.0,1280.0,5,5
swipe,4000,6,4,2,16,android,2,4499,720.0,1280.0,8,5
lava,2500,5,4,2,8,android,2,5599,720.0,1280.0,8,5
intex,2500,5,4,1,8,android,2,6199,720.0,1280.0,8,5
micromax,2000,5,1,1,8,android,1,4499,720.0,1280.0,5,2
micromax,4000,5,1,1,8,android,1,3999,720.0,1280.0,8,2
samsung,2600,5,1,1,8,android,2,5990,540.0,960.0,8,5
swipe,2500,5,4,1,8,android,2,2999,480.0,854.0,5,2
xolo,2500,5,4,2,16,android,2,6099,720.0,1280.0,8,5
lyf,3000,6,8,2,16,android,2,7000,720.0,1280.0,13,5
lyf,3000,5,8,3,32,android,2,7599,1080.0,1920.0,16,5
karbonn,2800,6,4,1,8,android,2,5900,720.0,1280.0,5,3
lyf,2250,5,4,2,16,android,2,6099,720.0,1280.0,8,5
lg,3200,6,8,3,16,android,1,6999,720.0,1280.0,13,8
lg,2500,5,4,2,16,android,2,7450,720.0,1280.0,13,5
zuk,3100,6,4,4,64,android,2,29124,1080.0,1920.0,13,8
zen,2700,6,4,1,8,android,2,3899,720.0,1280.0,8,5
lava,1850,5,4,1,8,android,2,5599,480.0,800.0,5,5
swipe,3000,6,8,4,32,android,2,12999,1080.0,1920.0,13,8
panasonic,2600,5,4,2,16,android,2,8000,720.0,1280.0,13,5
swipe,2000,4,4,1,8,android,2,3999,480.0,800.0,5,1
gionee,2300,5,4,2,16,android,2,7499,720.0,1280.0,8,5
micromax,1800,5,4,1,8,android,2,4950,480.0,854.0,5,2
micromax,1600,4,4,1,8,android,2,4499,480.0,800.0,5,2
meizu,4000,6,8,3,16,android,2,5490,1080.0,1920.0,13,5
lyf,2800,6,8,2,16,android,2,5550,1080.0,1920.0,13,5
lava,2800,6,4,2,32,android,2,4999,720.0,1280.0,8,5
meizu,3400,6,8,4,64,android,2,27600,1440.0,2560.0,12,5
panasonic,3000,6,8,3,32,android,2,13990,720.0,1280.0,13,5
htc,3200,6,8,3,32,android,1,11100,1440.0,2560.0,16,8
lyf,2250,5,4,1,8,android,2,5099,720.0,1280.0,8,5
panasonic,2000,5,4,1,16,android,2,6998,720.0,1280.0,8,2
zopo,2300,6,4,2,16,android,2,4598,720.0,1280.0,8,5
motorola,3050,6,8,3,32,android,2,7499,1080.0,1920.0,16,8
lyf,2000,5,4,1,8,android,2,3499,480.0,854.0,8,5
huawei,4000,6,8,4,64,android,2,53983,1080.0,1920.0,20,8
intex,4350,5,4,1,8,android,2,3499,720.0,1280.0,0,0
zen,2900,6,4,1,8,android,2,3739,480.0,854.0,5,3
swipe,2500,5,4,1,8,android,2,4999,480.0,854.0,5,2
samsung,3300,6,8,3,16,android,2,11200,1080.0,1920.0,13,8
xolo,2350,5,4,1,8,android,2,4099,720.0,1280.0,5,5
zopo,2100,5,4,2,16,android,2,4289,720.0,1280.0,8,5
intex,3650,6,4,2,16,android,2,6772,720.0,1280.0,8,5
intex,1650,5,4,1,8,android,2,2699,480.0,854.0,5,0
intex,2500,5,4,1,8,android,2,5429,720.0,1280.0,5,5
intex,2800,6,4,1,8,android,2,5849,720.0,1280.0,5,5
intex,2450,5,4,1,8,android,2,3999,480.0,854.0,5,5
honor,3000,5,8,2,16,android,1,16699,1080.0,1920.0,13,8
honor,3100,6,8,2,16,android,1,5999,720.0,1280.0,13,8
blackberry,3000,6,4,4,32,android,1,16999,1440.0,2560.0,21,8
xiaomi,4850,6,6,4,128,android,2,19999,1080.0,1920.0,16,5
lyf,4000,5,4,2,16,android,2,6498,720.0,1820.0,8,2
lyf,1800,4,4,1,8,android,2,3579,480.0,800.0,5,0
zen,2900,6,4,1,8,android,2,2999,854.0,480.0,5,2
intex,2800,5,4,2,16,android,2,5949,480.0,854.0,5,2
vivo,2730,5,8,2,16,android,1,10450,1280.0,720.0,8,5
google,2770,5,4,4,32,android,1,22299,1080.0,1920.0,12,8
karbonn,2300,5,1,0,4,android,2,3999,480.0,854.0,3,0
intex,2000,5,1,1,8,android,2,4532,480.0,854.0,5,2
gionee,3100,6,8,3,32,android,2,5999,720.0,1080.0,13,5
coolpad,4010,6,8,4,32,android,2,12050,1080.0,1920.0,13,8
lava,2350,5,4,1,8,android,2,5500,480.0,854.0,5,5
samsung,3300,6,8,3,16,android,2,7999,1080.0,1920.0,13,5
micromax,2000,5,4,2,16,android,2,4299,720.0,1280.0,8,5
panasonic,2000,5,4,1,8,android,2,6990,720.0,1280.0,8,2
lava,1850,5,2,0,4,android,2,2299,480.0,854.0,5,0
lava,2600,6,4,1,8,android,2,6400,720.0,1280.0,8,5
micromax,1400,4,4,1,8,android,2,3195,480.0,800.0,5,0
htc,2700,6,4,2,32,android,2,16000,720.0,1280.0,13,5
samsung,2400,5,4,2,16,android,2,12499,720.0,1280.0,13,5
videocon,3000,5,4,3,32,android,2,8250,720.0,1280.0,13,5
zopo,2300,6,4,1,16,android,2,4333,720.0,1280.0,8,2
lenovo,2900,6,4,2,16,android,2,6990,720.0,1280.0,8,2
lenovo,2300,5,4,2,16,android,2,7300,720.0,1280.0,8,2
lenovo,2300,5,4,1,16,android,2,7450,720.0,1280.0,8,2
zen,2000,5,4,0,8,android,2,2799,480.0,854.0,5,1
samsung,1950,4,4,2,16,android,1,16990,480.0,800.0,8,5
xolo,2500,5,4,1,8,android,2,5149,1280.0,720.0,8,5
intex,2200,5,4,2,8,android,2,2999,480.0,854.0,5,2
intex,2000,5,4,1,8,android,2,2700,480.0,854.0,5,0
lyf,2300,5,8,3,16,android,2,4060,720.0,1280.0,13,5
vivo,2000,5,4,1,16,android,2,7100,480.0,854.0,5,2
intex,2200,5,6,2,16,android,2,4299,720.0,1280.0,5,5
infocus,2600,6,4,3,16,android,2,6499,1280.0,720.0,13,8
samsung,1500,4,4,1,8,tizen,2,3599,480.0,800.0,5,0
yu,3000,5,4,3,16,android,2,7000,1080.0,1920.0,13,5
yu,2000,5,4,2,8,android,2,6199,720.0,1280.0,8,2
celkon,2000,5,4,1,8,android,2,3999,480.0,854.0,5,3
intex,1400,4,4,0,4,android,1,3990,480.0,800.0,2,0
intex,2000,4,4,0,4,android,1,4999,480.0,800.0,5,0
lyf,2250,5,4,2,16,android,2,7499,720.0,1280.0,8,5
lyf,1750,4,4,1,8,android,2,2499,480.0,800.0,5,2
intex,3400,6,4,2,16,android,2,6999,720.0,1280.0,13,5
asus,2070,5,4,1,8,android,2,4499,480.0,854.0,8,2
lyf,2000,5,4,1,8,android,2,2545,480.0,854.0,8,5
lyf,2920,6,4,2,16,android,2,4999,720.0,1280.0,8,2
micromax,2500,5,4,2,16,android,2,7998,720.0,1280.0,8,5
swipe,3000,5,4,2,16,android,2,2990,720.0,1280.0,13,5
lava,4000,5,4,1,8,android,2,6199,720.0,1280.0,8,2
lyf,2850,6,4,2,16,android,2,4995,720.0,1280.0,8,2
intex,2800,5,1,1,8,android,2,4600,480.0,854.0,5,2
lenovo,3500,6,8,3,32,android,2,7990,1080.0,1920.0,13,8
panasonic,2450,5,4,3,32,android,2,5599,720.0,1280.0,8,5
panasonic,2400,4,4,0,8,android,2,2190,800.0,480.0,2,0
intex,2200,5,4,2,16,android,1,6499,1280.0,720.0,8,5
lyf,2600,5,8,3,16,android,2,7900,720.0,1280.0,13,5
karbonn,2000,5,4,1,8,android,2,3279,1280.0,720.0,8,3
samsung,2600,5,4,2,16,android,2,10480,720.0,1280.0,8,5
infocus,2600,6,8,3,16,android,2,6000,1080.0,1920.0,13,13
intex,2450,5,4,1,8,android,2,4997,720.0,1280.0,5,5
lava,1500,4,1,0,1,android,2,1999,480.0,800.0,2,0
lava,1750,5,4,1,8,android,2,6999,480.0,800.0,5,0
intex,2000,5,4,0,8,android,2,2488,480.0,854.0,5,0
intex,2800,5,4,1,8,android,2,3887,480.0,854.0,5,2
lava,2350,5,4,1,8,android,2,6600,720.0,1280.0,8,5
lyf,2920,5,1,2,16,android,2,4999,720.0,1280.0,13,5
asus,4100,5,4,2,16,android,2,13990,720.0,1280.0,13,5
karbonn,4000,5,1,1,8,android,2,3299,480.0,854.0,8,5
samsung,3000,6,4,2,16,android,2,5990,720.0,1280.0,13,5
samsung,2600,5,4,2,16,android,2,6480,720.0,1280.0,8,5
samsung,2600,5,4,1,8,android,1,5990,720.0,1280.0,8,5
intex,3800,5,4,1,8,android,2,4995,720.0,1280.0,8,2
nubia,5000,6,8,3,32,android,2,11999,1080.0,1920.0,13,13
panasonic,3000,6,8,3,32,android,2,10990,1080.0,1920.0,16,5
tcl,2500,6,4,2,16,android,2,4989,720.0,1280.0,8,5
karbonn,2200,4,4,0,4,android,2,1999,480.0,800.0,2,0
vivo,3000,5,8,4,64,android,2,9999,1080.0,1920.0,13,16
iball,2300,5,4,1,8,android,2,4890,480.0,854.0,5,2
nubia,3000,6,4,6,64,android,2,20999,1080.0,1920.0,16,8
lyf,2500,5,8,3,32,android,2,6990,1080.0,1920.0,13,13
intex,2100,5,4,1,8,android,2,4790,480.0,854.0,5,0
micromax,2500,6,4,1,16,android,2,7389,720.0,1280.0,8,5
oppo,2630,5,4,2,16,android,2,8666,720.0,1280.0,8,5
intex,2500,5,4,0,8,android,2,2658,480.0,854.0,2,0
panasonic,5000,5,4,1,8,android,2,5499,720.0,1280.0,8,5
xiaomi,4100,5,8,2,16,android,2,6500,720.0,1280.0,13,5
intex,2200,5,4,2,16,android,2,4899,720.0,1280.0,8,5
lyf,3000,6,8,2,16,android,2,494,1080.0,1920.0,13,5
lyf,2300,5,4,1,8,android,2,7000,720.0,1280.0,8,5
panasonic,2400,4,4,1,8,android,2,3590,480.0,800.0,5,2
panasonic,1400,4,4,0,4,android,2,2488,480.0,800.0,5,2
lenovo,4050,6,4,3,32,android,1,8999,720.0,1280.0,13,5
lenovo,4050,6,8,4,64,android,1,22999,1440.0,2560.0,16,8
lava,2700,5,4,3,16,android,2,4999,720.0,1280.0,13,5
lyf,2000,5,4,1,8,android,2,8399,720.0,1280.0,8,5
lava,2500,5,4,2,8,android,2,9700,720.0,1280.0,8,5
intex,1800,5,4,1,8,android,2,4499,480.0,584.0,5,2
samsung,2600,5,4,2,16,android,2,8299,720.0,1280.0,8,5
lyf,1750,4,4,0,4,android,2,1999,480.0,800.0,2,2
swipe,3050,5,8,2,16,android,2,2999,1080.0,1920.0,13,8
lava,2000,5,4,1,8,android,2,8999,480.0,854.0,5,2
intex,3000,5,4,2,16,android,2,4500,720.0,1280.0,8,5
lg,3000,6,8,3,16,android,1,8999,1080.0,1920.0,16,8
lg,4100,5,4,2,16,android,2,6999,720.0,1280.0,13,5
lyf,1400,4,4,0,8,android,2,4199,480.0,800.0,2,0
zen,1800,5,4,1,8,android,2,2639,480.0,854.0,5,2
lava,1750,5,4,0,4,android,2,4199,480.0,800.0,5,0
lava,1300,4,4,0,4,android,2,2399,480.0,800.0,2,0
panasonic,4000,5,4,3,16,android,2,5430,720.0,1280.0,8,5
lava,2200,6,4,1,8,android,2,4200,480.0,800.0,5,2
micromax,2500,5,4,1,8,android,2,5970,720.0,1280.0,8,8
micromax,1750,5,4,1,8,android,2,4299,480.0,854.0,5,5
intex,2200,5,4,1,8,android,2,4999,720.0,1280.0,8,5
intex,1900,5,4,1,8,android,2,4866,480.0,854.0,5,2
motorola,2800,5,4,2,16,android,2,6990,720.0,1280.0,8,5
sony,2700,6,8,3,16,android,1,7999,1080.0,1920.0,21,16
lenovo,2300,5,4,1,8,android,1,4500,720.0,1280.0,5,2
htc,2200,5,8,3,32,android,2,6498,720.0,1280.0,13,5
lyf,4000,5,4,1,8,android,2,5999,720.0,1280.0,8,2
lyf,1500,4,4,1,8,android,2,3599,480.0,800.0,5,2
lava,2000,5,4,0,4,android,2,3399,480.0,800.0,5,2
micromax,2000,5,4,3,16,android,2,4595,720.0,1280.0,8,2
intex,1800,5,4,1,8,android,2,3949,480.0,854.0,5,2
intex,1450,4,4,0,4,android,2,2666,480.0,800.0,0,0
htc,2800,6,8,3,32,android,1,7999,1080.0,1920.0,13,4
micromax,3000,6,4,1,8,android,2,7530,540.0,960.0,8,5
iball,2000,5,4,0,4,android,2,1999,480.0,854.0,5,0
honor,3000,5,8,2,16,android,2,9999,1080.0,1920.0,13,8
panasonic,2700,6,4,2,16,android,2,5549,720.0,1280.0,13,5
swipe,3000,6,4,3,16,android,2,7500,720.0,1280.0,13,5
asus,2070,5,4,1,8,android,2,3999,480.0,854.0,5,0
intex,1500,5,4,1,8,android,2,4750,480.0,854.0,2,0
zte,2540,6,4,2,16,android,2,4999,720.0,1280.0,13,8
zte,3000,6,8,3,32,android,2,4500,1080.0,1920.0,16,8
leeco,3000,6,10,4,32,android,1,5890,1080.0,1920.0,21,8
nubia,2800,5,8,3,64,android,2,9999,1080.0,1920.0,16,8
gionee,2000,5,4,1,16,android,2,4800,720.0,1280.0,5,2
yu,4000,6,8,3,16,android,2,6499,1080.0,1920.0,13,5
videocon,3000,5,4,1,8,android,2,4006,480.0,854.0,5,2
htc,3000,5,8,3,32,android,1,9751,1440.0,2560.0,12,5
meizu,4100,6,8,2,16,android,2,5290,1080.0,1920.0,13,5
reach,2500,5,4,1,8,android,2,2690,720.0,1280.0,5,2
asus,2500,5,4,2,16,android,2,4990,720.0,1280.0,8,5
gionee,1850,5,4,1,8,android,2,4999,480.0,854.0,5,2
samsung,5000,6,8,4,32,android,2,19980,1080.0,1920.0,16,8
intex,1400,4,4,0,4,android,2,2199,480.0,800.0,2,2
samsung,3300,6,8,2,16,android,2,13450,720.0,1080.0,13,5
samsung,3100,5,4,2,16,android,2,9999,720.0,1280.0,13,5
vivo,2200,5,4,1,16,android,2,8599,540.0,960.0,8,5
reach,2000,4,4,1,8,android,2,2200,480.0,800.0,3,1
lava,2500,5,4,2,8,android,2,4500,720.0,1280.0,8,8
videocon,2200,5,4,2,16,android,2,6600,720.0,1280.0,13,5
lava,1200,4,2,0,4,android,2,1999,480.0,800.0,2,0
intex,2500,5,4,1,8,android,2,3333,480.0,854.0,5,0
intex,1700,4,4,1,4,android,2,6500,480.0,800.0,2,0
lava,1750,5,2,0,8,android,2,1999,480.0,854.0,3,0
infocus,2300,5,4,1,8,android,2,4490,850.0,480.0,8,5
panasonic,1600,5,4,1,8,android,2,6760,480.0,854.0,5,2
intex,2200,5,4,1,8,android,2,3499,480.0,854.0,5,0
mphone,3050,6,8,4,64,android,2,6499,1080.0,1920.0,21,8
mphone,2600,6,8,3,32,android,2,7399,1080.0,1920.0,16,8
intex,2300,5,2,1,8,android,2,2999,480.0,854.0,5,2
lyf,2250,5,4,1,8,android,2,3499,480.0,854.0,5,5
blu,2300,5,4,2,16,android,2,7999,720.0,1280.0,13,5
zopo,3600,6,10,4,32,android,2,9980,1080.0,1920.0,21,8
xolo,2500,5,4,2,8,android,2,4559,720.0,1280.0,8,5
intex,2500,5,4,2,16,sailfish,2,4799,720.0,1280.0,8,2
zte,2500,5,4,2,16,android,1,3840,720.0,1280.0,8,8
sony,2620,5,1,3,32,android,1,19990,1080.0,1920.0,23,13
sony,2300,5,8,2,16,android,1,7994,720.0,1280.0,13,8
htc,2700,6,4,2,16,android,2,7890,720.0,1280.0,13,5
htc,2200,5,4,2,16,android,2,10299,720.0,1280.0,13,5
hp,4150,6,4,4,64,windows,1,88719,1440.0,2560.0,15,8
alcatel,2610,5,8,3,16,android,1,16999,1080.0,1920.0,13,8
intex,3000,5,4,2,16,android,2,6849,720.0,1280.0,8,5
swipe,3000,5,4,1,8,android,2,4099,480.0,854.0,8,3
lg,3000,6,4,1,16,android,1,7999,720.0,1280.0,13,8
intex,2200,5,4,3,16,android,2,6800,720.0,1280.0,8,2
intex,3000,5,4,1,8,android,2,3099,720.0,1280.0,5,2
microsoft,2000,5,4,1,16,windows,1,9990,720.0,1280.0,8,5
lg,2520,5,8,2,16,android,1,8000,1080.0,1920.0,13,8
intex,2500,5,4,1,8,android,2,2999,720.0,1280.0,8,2
intex,1400,4,4,0,4,android,2,2799,480.0,800.0,2,2
lava,2500,5,4,2,8,android,2,7980,720.0,1280.0,8,5
lava,2000,5,4,0,4,android,2,4949,720.0,1280.0,5,2
lenovo,5000,6,8,3,32,android,2,7679,1080.0,1920.0,13,5
lava,2500,5,4,1,8,android,2,3990,720.0,1280.0,5,2
intex,1500,4,1,1,8,android,2,2990,480.0,800.0,5,0
intex,1800,5,1,1,8,android,2,4999,480.0,854.0,5,2
panasonic,3200,5,4,2,16,android,2,5299,720.0,1280.0,8,5
lyf,2000,5,4,1,8,android,2,5499,480.0,854.0,5,5
lava,2500,5,4,2,8,android,2,3999,720.0,1280.0,8,5
zopo,2500,5,4,2,16,android,2,12000,720.0,1280.0,13,5
iball,2600,6,4,2,16,android,2,7599,720.0,1280.0,13,8
micromax,3000,5,4,1,8,android,2,3995,480.0,854.0,5,2
vivo,2350,5,4,2,16,android,2,9099,540.0,960.0,8,5
lava,3000,6,4,3,16,android,2,8250,720.0,1280.0,13,8
lyf,2400,5,8,2,16,android,2,7750,720.0,1280.0,13,5
lyf,2600,5,8,2,16,android,2,4800,1080.0,1920.0,13,5
lenovo,3500,6,8,2,16,android,2,8990,1080.0,1920.0,13,8
panasonic,2350,5,8,3,32,android,2,13988,720.0,1280.0,13,5
swipe,2500,5,4,2,16,android,2,3599,720.0,1280.0,8,5
lava,2000,5,4,1,8,android,2,3449,480.0,854.0,5,2
intex,2300,5,2,1,8,android,2,4690,480.0,854.0,2,0
lava,1550,4,4,1,8,android,2,5199,480.0,800.0,5,0
intex,2000,5,4,1,8,android,2,4777,480.0,854.0,5,2
intex,1400,4,1,0,4,android,2,2399,480.0,800.0,2,0
intex,1400,4,1,0,1,android,2,1999,480.0,800.0,2,0
lenovo,2900,6,8,2,16,android,2,14000,1080.0,1920.0,13,5
karbonn,2300,5,4,0,8,android,2,4690,480.0,854.0,3,1
alcatel,2580,6,4,1,16,android,2,3998,720.0,1280.0,8,5
lg,2125,5,4,1,8,android,1,994,480.0,854.0,5,5
lg,2300,5,4,1,8,android,1,3994,720.0,1280.0,13,5
intex,1700,5,2,0,4,android,2,3800,480.0,854.0,5,2
lava,2000,5,4,0,8,android,2,2899,480.0,854.0,5,2
intex,2000,5,4,1,8,android,2,4290,480.0,854.0,2,0
karbonn,2000,5,4,1,8,android,2,8700,540.0,960.0,8,3
xolo,2300,5,4,1,8,android,2,7999,720.0,1280.0,8,5
zen,2900,6,4,1,8,android,2,3739,540.0,960.0,5,2
videocon,2200,5,4,1,8,android,2,2950,720.0,1280.0,13,5
intex,2000,5,4,1,8,android,2,4699,720.0,1280.0,8,2
intex,2000,5,4,0,8,android,2,2199,480.0,854.0,2,0
kult,2350,5,4,3,16,android,2,4499,720.0,1280.0,13,5
micromax,2100,5,8,3,16,android,2,4150,720.0,1280.0,13,5
asus,3450,7,4,1,8,android,2,6199,1024.0,600.0,5,0
xiaomi,3100,6,4,2,16,android,2,8999,720.0,1280.0,13,5
iball,2200,6,4,1,8,android,2,3999,720.0,1280.0,8,5
micromax,2500,6,4,3,16,android,2,4790,720.0,1280.0,13,5
micromax,2000,5,4,1,8,android,2,4990,720.0,1280.0,8,5
gionee,2000,5,8,1,16,android,2,6999,720.0,1280.0,5,2
zte,2800,5,8,2,16,android,2,2900,720.0,1280.0,13,8
panasonic,2500,6,8,2,16,android,2,6990,720.0,1280.0,13,5
samsung,3300,6,8,3,16,android,1,9999,1080.0,1920.0,13,5
videocon,2200,5,8,1,8,android,2,6390,720.0,1280.0,8,5
videocon,1600,5,4,1,8,android,2,2999,480.0,854.0,2,0
micromax,2500,5,4,1,8,android,2,7499,854.0,480.0,5,2
lava,2900,5,4,3,16,android,2,12000,720.0,1280.0,13,5
intex,4000,5,4,1,8,android,2,4999,720.0,1280.0,5,2
lava,2000,5,4,1,8,android,2,2999,480.0,854.0,5,0
samsung,2600,5,4,1,8,android,1,4999,720.0,1280.0,8,5
intex,2300,5,2,0,8,android,2,4090,480.0,854.0,2,0
micromax,2000,5,4,2,16,android,2,4050,720.0,1280.0,8,2
micromax,1750,5,4,1,8,android,2,3799,480.0,854.0,8,2
intex,2150,5,4,3,16,android,2,5849,720.0,1280.0,8,2
intex,1400,4,1,0,1,android,2,2199,480.0,800.0,0,0
intex,2000,5,4,0,8,android,2,2199,480.0,854.0,2,0
iball,2100,5,4,1,8,android,2,4699,480.0,854.0,8,3
gionee,3150,6,8,3,16,android,2,6490,720.0,1280.0,13,5
infocus,2600,6,4,2,16,android,2,6990,720.0,1280.0,13,8
htc,2800,6,8,2,16,android,2,7999,1080.0,1920.0,13,4
htc,2800,6,8,1,16,android,2,11586,720.0,1280.0,13,5
intex,2500,5,4,1,8,android,2,4900,480.0,854.0,5,0
intex,1400,4,2,0,8,android,2,4299,480.0,800.0,0,0
xolo,2400,5,8,3,32,android,2,9999,1080.0,1920.0,13,5
infocus,2000,5,4,1,8,android,2,2490,480.0,854.0,5,2
karbonn,2000,4,1,0,1,android,2,2599,480.0,800.0,2,0
oppo,2420,5,4,1,16,android,2,8200,540.0,960.0,8,5
samsung,3000,6,4,1,8,android,2,9977,720.0,1280.0,13,5
micromax,2000,5,4,0,2,android,2,2399,480.0,854.0,5,2
samsung,2600,5,4,1,8,android,2,4655,720.0,1280.0,8,5
lenovo,2000,4,4,1,8,android,2,3549,480.0,800.0,5,0
lenovo,2300,5,4,2,16,android,2,5990,720.0,1280.0,13,5
lava,4000,5,4,2,8,android,2,8700,480.0,854.0,8,2
intex,2000,5,4,1,8,android,2,5300,720.0,1280.0,5,0
intex,2500,5,4,3,16,android,2,9300,720.0,1280.0,8,5
zopo,3000,6,8,3,16,android,1,6499,1080.0,1920.0,13,5
micromax,1450,4,4,0,4,android,2,2240,480.0,800.0,2,1
micromax,2000,5,4,0,4,android,2,2999,480.0,854.0,5,2
samsung,2600,5,4,1,8,tizen,2,4990,720.0,1280.0,8,5
panasonic,2910,6,4,1,8,android,2,8499,720.0,1280.0,8,2
panasonic,2150,5,4,1,8,android,2,3899,720.0,1280.0,8,2
zte,2800,5,8,3,32,android,1,5900,1080.0,1920.0,13,8
iball,1700,5,2,0,8,android,2,3840,480.0,854.0,5,2
microsoft,2100,5,4,1,8,windows,1,5398,720.0,1280.0,5,2
microsoft,3000,5,6,3,32,windows,1,41390,1440.0,2560.0,20,5
microsoft,3340,6,8,3,32,windows,1,24999,1440.0,2560.0,20,5
micromax,1650,5,4,0,4,android,2,2999,480.0,854.0,5,2
lg,3000,6,6,4,64,android,1,14999,1440.0,2560.0,16,5
videocon,3000,5,4,1,1,android,2,5399,480.0,854.0,8,5
videocon,2000,5,4,1,8,android,2,2799,480.0,854.0,5,2
vivo,1900,5,4,1,8,android,2,4999,854.0,480.0,5,2
samsung,1800,4,2,0,4,android,2,4300,480.0,800.0,5,2
vivo,2260,5,4,1,16,android,2,9001,720.0,1280.0,8,5
micromax,2820,6,4,2,16,android,2,4499,720.0,1280.0,13,5
lava,2000,4,1,0,8,android,2,2499,480.0,800.0,5,0
micromax,2000,5,4,1,8,android,2,3199,480.0,854.0,5,2
gionee,2000,5,4,1,16,android,2,3299,480.0,485.0,5,0
micromax,2000,5,4,1,8,android,2,4970,720.0,1280.0,8,5
intex,4000,5,4,1,8,android,2,5990,720.0,1280.0,5,2
micromax,4000,6,4,2,16,android,2,5990,720.0,1280.0,8,5
intex,1850,5,4,1,8,android,2,4295,720.0,1280.0,8,8
iball,2000,5,4,2,16,android,2,3999,720.0,1280.0,13,8
micromax,4000,5,4,2,8,android,2,4290,720.0,1280.0,8,2
htc,2800,6,8,2,16,android,2,5999,720.0,1280.0,13,5
lenovo,3900,5,4,2,16,android,2,6999,720.0,1280.0,8,5
sony,3430,6,8,3,32,android,2,57500,2160.0,3840.0,23,5
acer,2420,5,4,2,16,android,1,5750,720.0,1280.0,8,8
micromax,1850,5,4,1,8,android,2,3999,480.0,854.0,5,2
intex,2000,5,4,0,8,android,2,3699,480.0,854.0,8,2
iball,1800,5,4,1,1,android,2,4995,480.0,854.0,8,3
videocon,2200,5,8,1,8,android,2,5499,720.0,1280.0,8,5
intex,3000,5,4,1,8,android,2,5649,720.0,1280.0,5,2
zopo,2500,5,8,3,16,android,2,3990,1080.0,1920.0,13,5
panasonic,2910,6,8,2,32,android,2,14990,1080.0,1920.0,13,8
intex,1500,4,4,0,4,android,2,2399,480.0,800.0,2,0
lenovo,2000,5,4,1,8,android,2,6000,480.0,854.0,5,2
lava,1400,4,1,0,1,android,2,2222,400.0,800.0,2,0
panasonic,1800,5,4,1,8,android,2,4650,480.0,854.0,5,0
panasonic,2000,5,4,1,8,android,2,5830,720.0,1280.0,8,2
panasonic,2500,6,4,1,8,android,2,3990,540.0,960.0,8,2
lava,1750,5,4,0,8,android,1,4299,854.0,480.0,5,0
iball,2000,5,4,0,8,android,2,3499,540.0,960.0,8,0
intex,2000,5,4,0,8,android,2,3899,540.0,960.0,5,0
philips,1600,4,2,0,4,android,1,3199,480.0,800.0,5,0
intex,1700,5,4,2,16,android,2,4499,540.0,960.0,8,5
blu,2500,5,4,1,8,windows,2,4500,720.0,1280.0,8,2
intex,1600,5,4,0,8,android,2,4449,480.0,854.0,5,1
intex,2300,6,4,1,8,android,2,8200,720.0,1280.0,8,2
asus,3000,6,8,3,16,android,2,8999,1080.0,1920.0,13,5
intex,2300,5,4,2,16,android,2,5999,720.0,1280.0,13,5
lava,2500,5,4,2,16,android,1,6999,720.0,1280.0,13,8
asus,2070,5,4,2,8,android,2,5990,720.0,1280.0,13,5
sony,2600,5,8,3,16,android,1,5999,1080.0,1920.0,21,13
sony,2930,6,8,2,16,android,1,25990,1080.0,1920.0,13,13
lava,2000,5,4,1,8,android,2,2999,854.0,480.0,8,5
infocus,2450,5,8,2,16,android,1,4490,1080.0,1920.0,13,5
panasonic,1400,4,2,0,4,android,2,2000,480.0,800.0,2,0
iball,3000,6,4,1,8,android,2,5000,720.0,1280.0,8,5
lava,2000,5,4,1,8,android,2,2999,480.0,854.0,5,2
intex,2900,4,4,0,4,android,2,4050,480.0,800.0,5,2
lg,2540,5,4,1,8,android,2,3999,480.0,854.0,8,5
karbonn,1800,5,4,2,16,android,2,3990,720.0,1280.0,8,5
panasonic,1500,4,4,0,4,android,2,2990,480.0,800.0,3,0
iball,1250,4,1,0,1,android,2,2499,320.0,480.0,2,0
spice,1450,4,1,0,4,android,2,3500,480.0,800.0,3,1
micromax,1300,4,2,0,4,android,2,2984,480.0,800.0,3,0
vivo,2300,5,4,2,16,android,2,15300,720.0,1280.0,13,5
panasonic,2050,5,8,2,16,android,2,5529,720.0,1280.0,13,5
xolo,2100,5,4,1,8,android,2,3699,854.0,480.0,8,2
intex,1400,4,4,1,8,android,2,3599,480.0,800.0,5,0
intex,1500,4,4,0,8,android,2,2599,480.0,800.0,5,0
videocon,2000,5,4,1,8,android,2,2940,480.0,854.0,8,5
intex,1700,5,2,0,4,android,2,2999,480.0,854.0,5,2
iball,1250,4,1,0,1,android,2,2498,480.0,800.0,2,0
iball,2150,5,4,1,8,android,2,3999,480.0,854.0,8,0
samsung,4500,7,8,6,128,android,2,22299,1080.0,2400.0,32,32
black shark,4000,6,8,6,128,android,2,29999,1080.0,2340.0,48,20
oneplus,3700,6,8,6,128,android,2,29999,1080.0,2340.0,48,16
xiaomi,4000,6,8,2,16,android,2,7332,720.0,1520.0,12,8
honor,4000,6,8,6,128,android,1,25120,1080.0,2310.0,48,25
google,3000,6,8,4,64,android,1,30999,1080.0,2220.0,12,8
oppo,3600,6,8,4,64,android,1,9990,1080.0,2340.0,16,25
nokia,3060,6,8,4,64,android,2,11900,1080.0,2280.0,12,8
realme,3500,6,8,4,64,android,2,11770,1080.0,2340.0,16,16
vivo,3260,6,8,4,64,android,2,16490,1080.0,2280.0,13,16
sony,2700,5,8,4,32,android,2,34990,1080.0,1920.0,19,13
asus,5000,6,8,4,64,android,2,26999,1080.0,1920.0,12,13
intex,2850,6,8,2,16,android,2,9630,1080.0,1920.0,13,5
micromax,2900,5,8,3,16,android,2,6800,1080.0,1920.0,13,5
panasonic,2500,6,8,1,8,android,2,11900,720.0,1280.0,13,2
realme,5000,6,8,3,32,android,2,8999,1600.0,720.0,12,5
realme,5000,6,8,3,32,android,2,8999,1600.0,720.0,12,5
realme,5000,6,8,4,64,android,2,9999,1600.0,720.0,12,5
realme,5000,6,8,4,64,android,2,9999,1600.0,720.0,12,5
realme,5000,6,8,4,128,android,2,11999,1600.0,720.0,48,16
realme,5000,6,8,4,128,android,2,11999,1600.0,720.0,48,16
realme,4035,6,8,6,64,android,2,14999,2340.0,1080.0,48,16
realme,4035,6,8,8,128,android,2,16999,2340.0,1080.0,48,16
realme,4035,6,8,8,128,android,2,16999,2340.0,1080.0,48,16
realme,4035,6,8,4,64,android,2,13999,2340.0,1080.0,48,16
realme,4000,6,8,12,256,android,2,35999,2400.0,1080.0,64,16
realme,4000,6,8,12,256,android,2,35999,2400.0,1080.0,64,16
realme,4000,6,8,8,128,android,2,31999,2400.0,1080.0,64,16
realme,4000,6,8,8,128,android,2,31999,2400.0,1080.0,64,16
realme,3500,6,8,8,128,android,2,15490,2340.0,1080.0,16,16
realme,4000,6,8,4,64,android,2,16999,1080.0,2340.0,64,16
realme,4000,6,8,4,64,android,2,16999,1080.0,2340.0,64,16
realme,4200,6,8,8,128,android,2,41999,1080.0,2400.0,64,32
realme,4200,6,8,8,128,android,2,41999,1080.0,2400.0,64,32
realme,4200,6,8,12,256,android,2,46999,1080.0,2400.0,64,32
realme,5000,6,8,3,32,android,2,8999,720.0,1600.0,12,5
realme,4300,6,8,6,128,android,2,16999,2400.0,1080.0,64,16
realme,4300,6,8,8,128,android,2,19999,2400.0,1080.0,64,16
realme,4300,6,8,8,128,android,2,19999,2400.0,1080.0,64,16
realme,4000,6,8,2,32,android,2,6999,1560.0,720.0,13,5
realme,4000,6,8,2,32,android,2,6999,1560.0,720.0,13,5
realme,4000,6,8,3,32,android,2,7499,1560.0,720.0,13,5
realme,4000,6,8,3,32,android,2,7499,1560.0,720.0,13,5
realme,4000,6,8,3,32,android,2,7499,1560.0,720.0,13,5
realme,4300,6,8,8,128,android,2,17999,2400.0,1080.0,64,16
realme,4000,6,8,3,32,android,2,7499,1560.0,720.0,13,5
realme,4035,6,8,4,64,android,2,13999,2340.0,1080.0,48,16
realme,5000,6,8,4,128,android,2,11999,720.0,1600.0,48,13
realme,5000,6,8,4,64,android,2,10999,720.0,1600.0,48,13
realme,5000,6,8,4,128,android,2,11999,720.0,1600.0,48,13
realme,5000,6,8,4,64,android,2,10999,720.0,1600.0,48,13
realme,5000,6,8,4,128,android,2,11999,720.0,1600.0,48,13
realme,5000,6,8,4,64,android,2,10999,720.0,1600.0,48,13
realme,4000,6,8,6,64,android,2,29999,2400.0,1080.0,64,16
realme,4000,6,8,6,64,android,2,29999,2400.0,1080.0,64,16
realme,4000,6,8,12,256,android,2,36999,2400.0,1080.0,64,16
realme,4000,6,8,12,256,android,2,36999,2400.0,1080.0,64,16
realme,4300,6,8,8,128,android,2,17999,2400.0,1080.0,64,16
realme,4000,6,8,3,32,android,2,7499,1560.0,720.0,13,5
realme,4035,6,8,4,64,android,2,13999,2340.0,1080.0,48,16
realme,5000,6,8,4,128,android,2,11999,720.0,1600.0,48,13
realme,5000,6,8,4,64,android,2,10999,720.0,1600.0,48,13
realme,5000,6,8,4,128,android,2,11999,720.0,1600.0,48,13
realme,5000,6,8,4,64,android,2,10999,720.0,1600.0,48,13
realme,5000,6,8,4,128,android,2,11999,720.0,1600.0,48,13
realme,5000,6,8,4,64,android,2,10999,720.0,1600.0,48,13
realme,4000,6,8,6,64,android,2,29999,2400.0,1080.0,64,16
realme,4000,6,8,6,64,android,2,29999,2400.0,1080.0,64,16
realme,4000,6,8,12,256,android,2,36999,2400.0,1080.0,64,16
realme,4000,6,8,12,256,android,2,36999,2400.0,1080.0,64,16
realme,4000,6,8,6,128,android,2,19999,1080.0,2340.0,64,32
realme,4000,6,8,6,128,android,2,19999,1080.0,2340.0,64,32
realme,4000,6,8,4,64,android,2,17999,1080.0,2340.0,64,32
realme,4000,6,8,4,64,android,2,17999,1080.0,2340.0,64,32
realme,4000,6,8,8,128,android,2,20999,1080.0,2340.0,64,32
realme,4000,6,8,6,128,android,2,19999,1080.0,2340.0,64,32
realme,4000,6,8,8,128,android,2,20999,1080.0,2340.0,64,32
realme,4000,6,8,8,128,android,2,20999,1080.0,2340.0,64,32
realme,4000,6,8,2,16,android,2,6499,1560.0,720.0,13,5
realme,5000,6,8,4,128,android,2,11999,1600.0,720.0,48,16
realme,4200,6,8,8,128,android,2,25999,2400.0,1080.0,64,16
realme,4200,6,8,6,128,android,2,24999,2400.0,1080.0,64,16
realme,4200,6,8,8,128,android,2,25999,2400.0,1080.0,64,16
realme,4200,6,8,8,128,android,2,27999,2400.0,1080.0,64,32
realme,4200,6,8,12,256,android,2,32999,2400.0,1080.0,64,32
realme,4200,6,8,12,256,android,2,32999,2400.0,1080.0,64,32
realme,4200,6,8,8,128,android,2,27999,2400.0,1080.0,64,32
realme,4230,6,8,3,32,android,2,8499,1520.0,720.0,13,13
realme,4230,6,8,4,64,android,2,9499,1520.0,720.0,13,13
realme,4230,6,8,3,64,android,2,9499,1520.0,720.0,13,13
realme,4230,6,8,3,64,android,2,9499,1520.0,720.0,13,13
realme,4230,6,8,3,32,android,2,8499,1520.0,720.0,13,13
realme,4230,6,8,4,64,android,2,10499,1520.0,720.0,13,13
realme,4230,6,8,4,64,android,2,10499,1520.0,720.0,13,13
redmi,5000,6,8,4,64,android,2,9799,1520.0,720.0,12,8
redmi,5000,6,8,4,64,android,2,9799,1520.0,720.0,12,8
redmi,4000,6,8,6,128,android,2,24999,2340.0,1080.0,48,20
redmi,5020,6,8,4,64,android,2,16999,2400.0,1080.0,48,16
redmi,4000,6,8,6,128,android,2,24999,2340.0,1080.0,48,20
mi,4030,6,8,6,128,android,2,16939,1560.0,720.0,48,32
redmi,4000,6,8,6,128,android,2,24999,2340.0,1080.0,48,20
redmi,4000,6,8,6,128,android,2,16999,2340.0,1080.0,48,13
mi,4030,6,8,6,128,android,2,14999,1560.0,720.0,48,32
mi,3400,5,8,6,128,android,2,16999,2160.0,1080.0,12,5
redmi,4000,6,8,6,128,android,2,24999,2340.0,1080.0,48,20
mi,4030,6,8,6,128,android,2,17350,1560.0,720.0,48,32
redmi,4000,6,8,8,256,android,2,29999,2340.0,1080.0,48,20
redmi,4000,6,8,6,128,android,2,13999,2340.0,1080.0,48,13
redmi,4000,6,8,6,64,android,2,21999,2340.0,1080.0,48,20
redmi,3080,5,8,4,64,android,2,13495,1440.0,720.0,12,16
redmi,4000,6,8,8,256,android,2,29999,2340.0,1080.0,48,20
redmi,4000,6,8,6,128,android,2,24999,2340.0,1080.0,48,20
redmi,4000,6,8,4,64,android,2,15990,2280.0,1080.0,12,20
mi,3010,5,8,4,64,android,2,13999,2160.0,1080.0,20,20
mi,4780,6,8,8,256,android,2,55799,2340.0,1080.0,108,20
mi,4780,6,8,8,128,android,2,51800,2340.0,1080.0,108,20
redmi,4000,6,8,6,128,android,2,24999,2340.0,1080.0,48,20
mi,3010,5,8,6,128,android,2,16899,2160.0,1080.0,20,20
mi,3010,5,8,6,128,android,2,16899,2160.0,1080.0,20,20
redmi,4000,6,8,6,128,android,2,24999,2340.0,1080.0,48,20
mi,3010,5,8,6,128,android,2,16899,2160.0,1080.0,20,20
redmi,4000,5,8,6,64,android,2,16999,2160.0,1080.0,12,20
redmi,4000,6,8,6,128,android,2,24999,2340.0,1080.0,48,20
mi3,3050,5,8,2,16,android,2,13999,1920.0,1080.0,13,2
redmi,5000,6,8,4,64,android,2,9799,1520.0,720.0,12,8
redmi,5000,6,8,4,64,android,2,9799,1520.0,720.0,12,8
redmi,5000,6,8,4,64,android,2,9799,1520.0,720.0,12,8
mi,4030,6,8,4,64,android,2,12999,1560.0,720.0,48,32
redmi,5020,6,8,6,128,android,2,14999,2400.0,1080.0,48,16
redmi,5020,6,8,6,128,android,2,14999,2400.0,1080.0,48,16
redmi,5020,6,8,4,64,android,2,16998,2400.0,1080.0,48,16
redmi,5000,6,8,2,32,android,2,7399,1520.0,720.0,13,8
redmi,5000,6,8,3,32,android,2,7499,1520.0,720.0,13,8
redmi,4000,6,8,4,64,android,2,11199,2280.0,1080.0,48,13
redmi,4000,6,8,6,128,android,2,13261,2280.0,1080.0,48,13
redmi,4000,6,8,3,32,android,2,10978,2280.0,1080.0,48,13
mi,4030,6,8,4,64,android,2,12999,1560.0,720.0,48,32
mi,4030,6,8,4,64,android,2,12999,1560.0,720.0,48,32
redmi,4000,6,8,4,64,android,2,11280,2280.0,1080.0,48,13
redmi,4000,6,8,4,64,android,2,10100,2280.0,1080.0,48,13
redmi,5000,6,8,3,32,android,2,7450,1520.0,720.0,13,8
redmi,4000,6,8,6,64,android,2,12999,2340.0,1080.0,48,13
redmi,4000,6,8,8,256,android,2,29999,2340.0,1080.0,48,20
redmi,5020,6,8,4,64,android,2,12999,2400.0,1080.0,48,16
redmi,5020,6,8,4,64,android,2,12999,2400.0,1080.0,48,16
redmi,5000,6,8,3,32,android,2,7499,1520.0,720.0,13,8
redmi,4000,6,8,6,64,android,2,11999,2280.0,1080.0,12,20
redmi,4000,6,8,6,64,android,2,11999,2280.0,1080.0,12,20
redmi,4100,5,8,4,64,android,2,12999,1920.0,1080.0,13,5
redmi,4000,6,8,6,64,android,2,11999,2280.0,1080.0,12,20
redmi,4000,6,8,6,64,android,2,21999,2340.0,1080.0,48,20
redmi,4000,5,8,4,64,android,2,12999,2160.0,1080.0,12,20
redmi,4000,6,8,6,128,android,2,13999,2340.0,1080.0,48,13
redmi,5020,6,8,6,128,android,2,16999,2400.0,1080.0,64,32
redmi,5020,6,8,6,128,android,2,16999,2400.0,1080.0,64,32
redmi,5000,6,8,2,32,android,2,6999,1520.0,720.0,12,8
redmi,4000,6,8,4,64,android,2,10999,2340.0,1080.0,48,13
mi,4780,6,8,8,256,android,2,55400,2340.0,1080.0,108,20
redmi,4000,5,8,6,64,android,2,13999,2160.0,1080.0,12,20
redmi,4000,5,8,6,64,android,2,16999,2160.0,1080.0,12,20
redmi,4000,5,8,4,64,android,2,12999,2160.0,1080.0,12,20
mi,3010,5,8,4,64,android,2,13999,2160.0,1080.0,20,20
redmi,4000,5,8,6,64,android,2,17999,2160.0,1080.0,12,20
mi,3010,5,8,4,64,android,2,13999,2160.0,1080.0,20,20
redmi,3000,5,8,1,16,android,2,6700,1280.0,720.0,8,5
redmi,4000,5,8,4,64,android,2,12999,2160.0,1080.0,12,20
redmi,4000,6,8,3,32,android,2,9999,2340.0,1080.0,48,13
redmi,3080,5,8,4,64,android,2,8499,1440.0,720.0,12,16
redmi,4000,5,8,2,32,android,2,6699,1440.0,720.0,12,5
redmi,4000,6,8,4,64,android,2,11999,2340.0,1080.0,48,13
redmi,3080,5,8,3,32,android,2,7999,1440.0,720.0,12,16
redmi,3080,5,8,4,64,android,2,8499,1440.0,720.0,12,16
redmi,4000,6,8,3,32,android,2,9999,2340.0,1080.0,12,13
redmi,4000,5,8,2,16,android,2,6499,1440.0,720.0,12,5
redmi,3000,5,8,3,32,android,2,7999,1440.0,720.0,12,5
redmi,4000,6,8,3,32,android,2,9999,2340.0,1080.0,12,13
redmi,4000,6,8,4,64,android,2,11999,2340.0,1080.0,48,13
redmi,4000,5,8,2,16,android,2,6499,1440.0,720.0,12,5
redmi,4000,5,8,6,64,android,2,13999,2160.0,1080.0,12,20
redmi,4000,5,8,4,64,android,2,12999,2160.0,1080.0,12,20
redmi,4000,6,8,3,32,android,2,8369,1520.0,720.0,12,32
redmi,4000,6,8,3,32,android,2,8090,1520.0,720.0,12,32
redmi,4000,6,8,3,32,android,2,9999,2340.0,1080.0,12,13
redmi,4000,6,8,6,64,android,2,21999,2340.0,1080.0,48,20
redmi,4000,6,8,3,32,android,2,9999,2340.0,1080.0,48,13
mi,4780,6,8,8,256,android,2,55400,2340.0,1080.0,108,20
redmi,4000,5,8,6,64,android,2,13999,2160.0,1080.0,12,20
redmi,4000,5,8,6,64,android,2,16999,2160.0,1080.0,12,20
redmi,4000,5,8,4,64,android,2,12999,2160.0,1080.0,12,20
mi,3010,5,8,4,64,android,2,13999,2160.0,1080.0,20,20
redmi,4000,5,8,6,64,android,2,17999,2160.0,1080.0,12,20
mi,3010,5,8,4,64,android,2,13999,2160.0,1080.0,20,20
redmi,3000,5,8,1,16,android,2,6700,1280.0,720.0,8,5
redmi,4100,5,8,4,64,android,2,13999,1920.0,1080.0,13,5
redmi,5000,6,8,2,32,android,2,8499,1520.0,720.0,13,8
redmi,5000,6,8,2,32,android,2,8498,1520.0,720.0,13,8
redmi,5000,6,8,3,64,android,2,9990,1520.0,720.0,13,8
redmi,5000,6,8,3,64,android,2,9990,1520.0,720.0,13,8
redmi,4000,6,8,4,64,android,2,11349,2280.0,1080.0,12,20
redmi,4000,6,8,6,128,android,2,16999,2340.0,1080.0,48,13
redmi,5000,6,8,3,64,android,2,9999,1520.0,720.0,13,8
redmi,5020,6,8,6,128,android,2,19999,2400.0,1080.0,48,16
redmi,4000,6,8,4,64,android,2,14800,2340.0,1080.0,12,13
mi,3010,5,8,4,64,android,2,13990,2160.0,1080.0,20,20
redmi,4000,5,8,2,32,android,2,6699,1440.0,720.0,12,5
redmi,3080,5,8,3,32,android,2,8689,1440.0,720.0,12,16
redmi,3080,5,8,4,64,android,2,11599,1280.0,720.0,13,16
redmi,3080,5,8,3,32,android,2,7999,1440.0,720.0,12,16
vivo,5000,6,8,3,64,android,2,9900,720.0,1544.0,13,8
vivo,5000,6,8,3,32,android,2,10990,720.0,1544.0,13,8
vivo,5000,6,8,3,32,android,2,10849,720.0,1544.0,13,8
vivo,4500,6,8,6,64,android,2,16990,2340.0,1080.0,48,32
vivo,4500,6,8,6,64,android,2,16990,2340.0,1080.0,48,32
vivo,4500,6,8,8,128,android,2,18990,2340.0,1080.0,48,32
vivo,4500,6,8,8,128,android,2,18990,2340.0,1080.0,48,32
vivo,5000,6,8,4,64,android,2,12990,720.0,1544.0,13,16
vivo,5000,6,8,3,32,android,2,10849,720.0,1544.0,13,8
vivo,4500,6,8,8,128,android,2,19990,1080.0,2340.0,48,32
vivo,4500,6,8,8,128,android,2,19990,1080.0,2340.0,48,32
vivo,4500,6,8,8,128,android,2,19990,1080.0,2340.0,48,32
vivo,4030,6,8,3,32,android,2,8990,1520.0,720.0,13,5
vivo,4030,6,8,3,32,android,2,11982,1520.0,720.0,13,5
vivo,5000,6,8,8,128,android,2,17990,2340.0,1080.0,13,16
vivo,5000,6,8,8,128,android,2,17990,2340.0,1080.0,13,16
vivo,5000,6,8,6,128,android,2,17990,2340.0,1080.0,16,32
vivo,5000,6,8,4,64,android,2,13990,2340.0,1080.0,16,32
vivo,5000,6,8,6,128,android,2,17990,2340.0,1080.0,16,32
vivo,4030,6,8,2,32,android,2,8705,1520.0,720.0,13,5
vivo,4030,6,8,2,32,android,2,8949,1520.0,720.0,13,5
vivo,5000,6,8,4,128,android,2,16375,1080.0,2340.0,16,16
vivo,4500,6,8,8,256,android,2,31990,2400.0,1080.0,48,32
vivo,4500,6,8,8,128,android,2,27990,2400.0,1080.0,48,32
vivo,4500,6,8,8,128,android,2,27990,2400.0,1080.0,48,32
vivo,4500,6,8,8,256,android,2,31990,2400.0,1080.0,48,32
vivo,4500,6,8,8,128,android,2,24990,2400.0,1080.0,48,32
vivo,4500,6,8,8,128,android,2,24990,2400.0,1080.0,48,32
vivo,5000,6,8,3,64,android,2,11990,720.0,1544.0,13,8
vivo,4500,6,8,6,64,android,2,18990,1080.0,2340.0,16,32
vivo,4500,6,8,4,128,android,2,16990,1080.0,2340.0,16,32
vivo,4500,6,8,6,128,android,2,19990,1080.0,2340.0,16,32
vivo,4500,6,8,4,128,android,2,16990,1080.0,2340.0,16,32
vivo,4500,6,8,6,128,android,2,19990,1080.0,2340.0,16,32
vivo,4030,6,8,2,16,android,2,9199,1520.0,720.0,13,5
vivo,3700,6,8,6,128,android,2,22399,2340.0,1080.0,48,32
vivo,5000,6,8,4,128,android,2,13990,720.0,1544.0,13,20
vivo,3700,6,8,6,128,android,2,21099,2340.0,1080.0,48,32
vivo,4100,6,8,8,128,android,2,29499,2400.0,1080.0,48,32
vivo,4100,6,8,8,128,android,2,29499,2400.0,1080.0,48,32
vivo,5000,6,8,3,64,android,2,11490,720.0,1544.0,13,8
vivo,3700,6,8,8,128,android,2,28499,2340.0,1080.0,48,32
vivo,3400,6,8,6,64,android,2,28990,2340.0,1080.0,12,25
vivo,4000,6,8,8,128,android,2,29990,2316.0,1080.0,12,8
vivo,3260,6,8,3,32,android,2,13990,1520.0,720.0,13,5
vivo,3260,6,8,4,32,android,2,16990,2280.0,1080.0,16,16
vivo,4000,6,8,6,64,android,2,21099,2340.0,1080.0,12,32
vivo,4030,6,8,4,32,android,2,15500,1520.0,720.0,13,8
vivo,4030,6,8,3,64,android,2,14990,1520.0,720.0,13,8
vivo,4030,6,8,2,32,android,2,11990,1520.0,720.0,13,8
vivo,3000,5,8,4,32,android,2,18900,1440.0,720.0,16,24
vivo,3000,5,8,4,32,android,2,15990,1440.0,720.0,16,24
vivo,3260,6,8,4,32,android,2,11999,1520.0,720.0,13,8
vivo,3260,6,8,4,64,android,2,24000,2280.0,1080.0,16,24
vivo,3360,6,8,2,16,android,2,8900,1440.0,720.0,8,5
vivo,4030,6,8,4,32,android,2,15990,1520.0,720.0,13,8
vivo,5000,6,8,3,32,android,2,10990,720.0,1544.0,13,8
vivo,5000,6,8,6,64,android,2,14990,2340.0,1080.0,16,32
vivo,5000,6,8,4,64,android,2,13990,2340.0,1080.0,16,32
vivo,5000,6,8,6,64,android,2,14990,2340.0,1080.0,16,32
vivo,5000,6,8,4,64,android,2,12990,720.0,1544.0,13,8
vivo,5000,6,8,4,64,android,2,12990,720.0,1544.0,13,8
vivo,3260,6,8,4,64,android,2,17990,2280.0,1080.0,13,16
vivo,3260,6,8,4,64,android,2,17990,2280.0,1080.0,13,16
vivo,3260,6,8,3,32,android,2,11500,1520.0,720.0,13,5
vivo,3260,6,8,4,32,android,2,17999,2280.0,1080.0,16,16
vivo,4030,6,8,3,32,android,2,9990,1520.0,720.0,13,8
vivo,3360,6,8,3,16,android,2,10900,1440.0,720.0,13,5
vivo,3360,6,8,4,32,android,2,12000,1440.0,720.0,13,5
vivo,3225,5,8,4,64,android,2,22325,1440.0,720.0,16,24
vivo,2730,5,8,3,16,android,2,13995,1280.0,720.0,13,5
vivo,2730,5,8,3,16,android,2,13529,1280.0,720.0,13,5
vivo,3260,6,8,2,16,android,2,11990,1520.0,720.0,13,5
vivo,4030,6,8,4,32,android,2,15500,1520.0,720.0,13,8
vivo,4030,6,8,3,64,android,2,14990,1520.0,720.0,13,8
vivo,4030,6,8,2,32,android,2,11990,1520.0,720.0,13,8
vivo,3000,5,8,4,32,android,2,18900,1440.0,720.0,16,24
vivo,3000,5,8,4,32,android,2,15990,1440.0,720.0,16,24
vivo,3260,6,8,4,32,android,2,11999,1520.0,720.0,13,8
vivo,3260,6,8,4,64,android,2,24000,2280.0,1080.0,16,24
vivo,3360,6,8,2,16,android,2,8900,1440.0,720.0,8,5
vivo,4030,6,8,4,32,android,2,15990,1520.0,720.0,13,8
vivo,5000,6,8,4,64,android,2,13990,2340.0,1080.0,16,32
vivo,5000,6,8,6,64,android,2,14990,2340.0,1080.0,16,32
vivo,5000,6,8,6,64,android,2,14990,2340.0,1080.0,16,32
vivo,5000,6,8,4,64,android,2,12990,720.0,1544.0,13,8
vivo,5000,6,8,3,64,android,2,11490,720.0,1544.0,13,8
vivo,5000,6,8,4,64,android,2,12990,720.0,1544.0,13,8
vivo,3260,6,8,4,64,android,2,17990,2280.0,1080.0,13,16
vivo,3260,6,8,4,64,android,2,17990,2280.0,1080.0,13,16
vivo,3360,6,8,3,16,android,2,10900,1440.0,720.0,13,5
vivo,3360,6,8,4,32,android,2,12000,1440.0,720.0,13,5
vivo,4030,6,8,2,32,android,2,8998,1520.0,720.0,13,5
vivo,4030,6,8,2,32,android,2,8990,1520.0,720.0,13,8
vivo,3000,5,8,3,32,android,2,14914,1280.0,720.0,13,16
vivo,3260,6,8,4,32,android,2,14538,1520.0,720.0,13,5
samsung,6000,6,8,4,128,android,2,17490,2340.0,1080.0,48,16
samsung,5000,6,8,4,64,android,2,16499,1600.0,720.0,48,13
samsung,5000,6,8,4,64,android,2,16499,1600.0,720.0,48,13
samsung,5000,6,8,6,64,android,2,18499,1600.0,720.0,48,13
samsung,5000,6,8,6,64,android,2,18499,1600.0,720.0,48,13
samsung,5000,6,8,6,64,android,2,18499,1600.0,720.0,48,13
samsung,5000,6,8,4,64,android,2,17490,1600.0,720.0,48,13
samsung,6000,6,8,4,64,android,2,15999,2340.0,1080.0,48,20
samsung,6000,6,8,4,64,android,2,15990,2340.0,1080.0,48,20
samsung,2600,5,8,1,16,android,2,6299,960.0,540.0,8,5
samsung,6000,6,8,6,128,android,2,19900,2340.0,1080.0,64,32
samsung,4500,6,8,8,512,android,2,47999,1080.0,2400.0,48,32
samsung,4500,6,8,8,512,android,2,47999,1080.0,2400.0,48,32
samsung,2000,4,8,1,8,android,2,6000,540.0,960.0,5,2
samsung,3600,5,8,3,64,android,2,20995,1920.0,1080.0,13,13
samsung,3000,5,8,2,16,android,2,11995,1280.0,720.0,13,5
samsung,3000,5,8,2,16,android,2,10995,1280.0,720.0,13,5
infinix,5000,6,8,4,64,android,2,9999,1600.0,720.0,48,8
infinix,5000,6,8,4,64,android,2,9999,1600.0,720.0,48,8
infinix,5000,6,8,4,64,android,2,8999,1600.0,720.0,13,8
infinix,5000,6,8,4,64,android,2,8999,1600.0,720.0,13,8
infinix,4000,5,8,4,64,android,2,10999,1080.0,2160.0,16,16
infinix,4000,6,8,4,64,android,2,11499,2340.0,1080.0,48,16
infinix,4000,6,8,4,64,android,2,11499,2340.0,1080.0,48,16
infinix,4000,5,8,4,64,android,2,10999,1080.0,2160.0,16,16
infinix,4000,6,8,3,32,android,2,10999,1500.0,720.0,13,16
infinix,4000,6,8,3,32,android,2,10999,1500.0,720.0,13,16
infinix,4500,5,8,4,64,android,2,7699,1080.0,2160.0,12,16
infinix,4500,5,8,4,64,android,2,7699,1080.0,2160.0,12,16
infinix,4000,6,8,4,64,android,2,9999,1500.0,720.0,13,13
infinix,4000,6,8,4,64,android,2,9999,1500.0,720.0,13,13
infinix,4000,6,8,4,64,android,2,9999,1500.0,720.0,13,13
infinix,4500,5,8,3,32,android,2,7599,1080.0,2160.0,12,16
infinix,4000,5,8,4,64,android,2,11999,720.0,1440.0,13,20
infinix,4000,5,8,4,64,android,2,11999,1440.0,720.0,13,20
infinix,4000,5,8,4,64,android,2,11999,,,13,20
infinix,4000,6,8,4,64,android,2,8499,720.0,1600.0,16,16
infinix,4000,6,8,4,64,android,2,8499,720.0,1600.0,16,16
infinix,4000,6,8,4,64,android,2,8499,720.0,1600.0,16,16
infinix,4500,5,8,3,32,android,2,7599,1080.0,2160.0,12,16
infinix,4350,5,8,6,128,android,2,19999,1080.0,1920.0,12,16
infinix,4000,6,8,3,32,android,2,9599,720.0,1520.0,13,32
infinix,4000,6,8,3,32,android,2,9599,720.0,1520.0,13,32
infinix,4000,6,8,3,32,android,2,9599,720.0,1520.0,13,32
infinix,4000,6,8,4,64,android,2,9599,720.0,1600.0,16,32
infinix,4000,6,8,4,64,android,2,9599,720.0,1600.0,16,32
infinix,4000,5,8,3,32,android,2,9999,,,13,20
infinix,4000,5,8,3,32,android,2,9999,,,13,20
infinix,4000,5,8,3,32,android,2,9999,720.0,1440.0,13,20
infinix,4000,5,8,3,32,android,2,9999,720.0,1440.0,13,20
infinix,4500,5,8,4,64,android,2,7699,1080.0,2160.0,12,16
infinix,4350,5,8,6,64,android,2,17999,1080.0,1920.0,12,16
infinix,4350,5,8,6,64,android,2,17999,1080.0,1920.0,12,16
poco,4000,6,8,6,128,android,2,18999,2160.0,1080.0,12,20
poco,4000,6,8,8,256,android,2,22999,2160.0,1080.0,12,20
poco,4000,6,8,8,256,android,2,22999,2160.0,1080.0,12,20
poco,4000,6,8,8,256,android,2,22999,2160.0,1080.0,12,20
poco,4000,6,8,6,64,android,2,19999,2160.0,1080.0,12,20
poco,4500,6,8,8,256,android,2,21499,2400.0,1080.0,64,20
poco,4500,6,8,6,64,android,2,17499,2400.0,1080.0,64,20
poco,4500,6,8,6,64,android,2,17499,2400.0,1080.0,64,20
poco,4500,6,8,6,128,android,2,18499,2400.0,1080.0,64,20
poco,4500,6,8,6,128,android,2,18499,2400.0,1080.0,64,20
poco,4500,6,8,8,256,android,2,21499,2400.0,1080.0,64,20
poco,4500,6,8,8,256,android,2,21499,2400.0,1080.0,64,20
poco,4500,6,8,6,64,android,2,17499,2400.0,1080.0,64,20
poco,4500,6,8,6,128,android,2,18499,2400.0,1080.0,64,20
poco,4000,6,8,6,128,android,2,18999,2160.0,1080.0,12,20
poco,4000,6,8,6,128,android,2,18999,2160.0,1080.0,12,20
poco,4000,6,8,8,256,android,2,22999,2160.0,1080.0,12,20
poco,4000,6,8,6,128,android,2,18999,2160.0,1080.0,12,20
poco,4500,6,8,6,128,android,2,18499,2400.0,1080.0,64,20
poco,4500,6,8,6,128,android,2,18499,2400.0,1080.0,64,20
poco,4000,6,8,6,64,android,2,19999,2160.0,1080.0,12,20
poco,4000,6,8,6,64,android,2,19999,2160.0,1080.0,12,20
poco,5000,6,8,6,64,android,2,14999,2400.0,1080.0,48,16
poco,5000,6,8,6,128,android,2,16999,2400.0,1080.0,48,16
poco,5000,6,8,4,64,android,2,13999,2400.0,1080.0,48,16
poco,5000,6,8,6,128,android,2,16999,2400.0,1080.0,48,16
poco,5000,6,8,6,128,android,2,16999,2400.0,1080.0,48,16
poco,5000,6,8,6,64,android,2,14999,2400.0,1080.0,48,16
poco,5000,6,8,6,64,android,2,14999,2400.0,1080.0,48,16
poco,5000,6,8,4,64,android,2,13999,2400.0,1080.0,48,16
poco,5000,6,8,4,64,android,2,13999,2400.0,1080.0,48,16
oppo,4230,6,8,4,64,android,2,12490,1600.0,720.0,12,8
oppo,4230,6,8,6,128,android,2,14990,1600.0,720.0,12,8
oppo,4230,6,8,6,128,android,2,14990,1600.0,720.0,12,8
oppo,4230,6,8,4,64,android,2,12490,1600.0,720.0,12,8
oppo,5000,6,8,4,128,android,2,16990,1600.0,720.0,48,16
oppo,4230,6,8,3,32,android,2,9990,1520.0,720.0,13,5
oppo,4230,6,8,3,32,android,2,9990,1520.0,720.0,13,5
oppo,4230,6,8,2,32,android,2,8990,1520.0,720.0,13,8
oppo,4000,6,8,8,128,android,2,18990,2400.0,1080.0,48,16
oppo,4000,6,8,8,128,android,2,18990,2400.0,1080.0,48,16
oppo,5000,6,8,6,128,android,2,16990,2400.0,1080.0,12,16
oppo,5000,6,8,6,128,android,2,16990,2400.0,1080.0,12,16
oppo,4230,6,8,2,32,android,2,8990,1520.0,720.0,13,5
oppo,4230,6,8,2,32,android,2,8990,1520.0,720.0,13,5
oppo,4230,6,8,4,64,android,2,11990,1520.0,720.0,13,8
oppo,5000,6,8,8,128,android,2,15990,1600.0,720.0,48,16
oppo,4000,6,8,8,128,android,2,18990,2400.0,1080.0,48,16
oppo,4230,6,8,4,64,android,2,15899,1520.0,720.0,13,8
oppo,4025,6,8,8,128,android,2,29990,2400.0,1080.0,64,44
oppo,4025,6,8,8,128,android,2,29990,2400.0,1080.0,64,44
oppo,4025,6,8,8,128,android,2,29990,2400.0,1080.0,64,44
oppo,4230,6,8,2,32,android,2,12990,1520.0,720.0,13,8
oppo,4000,6,8,6,64,android,2,14990,2340.0,1080.0,48,16
oppo,4065,6,8,8,256,android,2,41990,2340.0,1080.0,48,16
oppo,4000,6,8,8,256,android,2,38990,2340.0,1080.0,48,16
oppo,3730,6,8,8,256,android,2,60990,2340.0,1080.0,16,25
oppo,3730,6,8,8,256,android,2,60990,2340.0,1080.0,16,25
oppo,4000,6,8,8,256,android,2,29999,2340.0,1080.0,48,16
oppo,3180,5,8,4,64,android,2,14499,1440.0,720.0,13,8
oppo,5000,6,8,8,128,android,2,15990,1600.0,720.0,48,16
oppo,4230,6,8,3,32,android,2,13744,1520.0,720.0,13,8
oppo,4230,6,8,2,32,android,2,12990,1520.0,720.0,13,8
oppo,4230,6,8,3,32,android,2,9490,1520.0,720.0,13,8
oppo,3600,6,8,6,64,android,2,18989,2340.0,1080.0,16,25
oppo,3500,6,8,6,64,android,2,19990,2340.0,1080.0,16,25
oppo,3600,6,8,6,64,android,2,19038,2340.0,1080.0,16,25
oppo,4020,6,8,6,128,android,2,17990,1080.0,2340.0,48,16
oppo,4000,6,8,2,32,android,2,8490,720.0,1560.0,8,5
oppo,4230,6,8,3,64,android,2,13990,1520.0,720.0,13,16
oppo,3500,6,8,6,64,android,2,19990,2340.0,1080.0,16,25
oppo,3600,6,8,4,64,android,2,19600,2340.0,1080.0,16,25
oppo,3500,6,8,6,64,android,2,21150,2340.0,1080.0,16,25
oppo,4230,6,8,4,64,android,2,17500,1520.0,720.0,13,16
oppo,4230,6,8,3,32,android,2,12990,1520.0,720.0,13,8
oppo,4230,6,8,4,64,android,2,14495,1520.0,720.0,13,8
oppo,4230,6,8,2,16,android,2,9500,1520.0,720.0,13,8
oppo,4230,6,8,2,16,android,2,9500,1520.0,720.0,13,8
oppo,5000,6,8,4,128,android,2,13990,1600.0,720.0,48,16
oppo,4230,6,8,4,64,android,2,11490,1520.0,720.0,13,5
oppo,4230,6,8,4,64,android,2,11490,1520.0,720.0,13,5
oppo,4000,6,8,6,128,android,2,16990,2340.0,1080.0,48,16
oppo,4000,6,8,6,128,android,2,16990,2340.0,1080.0,48,16
oppo,3700,6,8,8,128,android,2,31590,2340.0,1080.0,12,25
oppo,3180,5,8,3,32,android,2,13490,1440.0,720.0,13,8
oppo,3180,5,8,2,16,android,2,9490,1440.0,720.0,13,8
oppo,3400,6,8,4,64,android,2,22990,2280.0,1080.0,16,25
oppo,4020,6,8,4,128,android,2,13990,1080.0,2340.0,48,16
oppo,4020,6,8,4,128,android,2,13990,1080.0,2340.0,48,16
oppo,4020,6,8,6,128,android,2,17990,1080.0,2340.0,48,16
oppo,3075,5,8,4,64,android,2,18990,1280.0,720.0,13,16
oppo,3075,5,8,4,64,android,2,18990,1280.0,720.0,13,16
oppo,3075,5,8,4,64,android,2,18990,1280.0,720.0,13,16
oppo,3075,5,8,3,32,android,2,11990,720.0,1280.0,13,16
oppo,3000,5,8,3,16,android,2,8490,1280.0,720.0,13,5
oppo,4230,6,8,3,32,android,2,12990,1520.0,720.0,13,8
oppo,3200,5,8,4,64,android,2,18000,1920.0,1080.0,13,16
oppo,4230,6,8,4,32,android,2,13500,1520.0,720.0,13,8
oppo,3180,5,8,4,64,android,2,13990,1440.0,720.0,13,8
oppo,3500,6,8,4,64,android,2,17000,2340.0,1080.0,16,16
oppo,4230,6,8,4,64,android,2,15000,1520.0,720.0,13,8
oppo,4230,6,8,4,64,android,2,14495,1520.0,720.0,13,8
oppo,4230,6,8,2,16,android,2,9500,1520.0,720.0,13,8
oppo,4230,6,8,2,16,android,2,9500,1520.0,720.0,13,8
oppo,4065,6,8,8,256,android,2,41990,2340.0,1080.0,48,16
oppo,4065,6,8,6,128,android,2,38990,2340.0,1080.0,48,16
oppo,5000,6,8,4,128,android,2,13990,1600.0,720.0,48,16
oppo,4230,6,8,4,64,android,2,11490,1520.0,720.0,13,5
oppo,4230,6,8,4,64,android,2,11490,1520.0,720.0,13,5
oppo,4000,6,8,6,128,android,2,16990,2340.0,1080.0,48,16
oppo,4000,6,8,6,128,android,2,16990,2340.0,1080.0,48,16
oppo,3700,6,8,8,128,android,2,31590,2340.0,1080.0,12,25
oppo,3180,5,8,3,32,android,2,13490,1440.0,720.0,13,8
oppo,3180,5,8,2,16,android,2,9490,1440.0,720.0,13,8
oppo,3400,6,8,4,64,android,2,22990,2280.0,1080.0,16,25
oppo,4020,6,8,4,128,android,2,13990,1080.0,2340.0,48,16
oppo,4020,6,8,4,128,android,2,13990,1080.0,2340.0,49,16
